,name,rating,provider,lat,lon,city
0,"Közz Kokoreç, Keçiören (Adnan Menderes Mah.)",3.9,GETIR,39.9334,32.8597,ANKARA
1,Eyüp Sultan Sofrası,4.6,YEMEK_SEPETI,41.0082,28.9784,ISTANBUL
2,Kahve Dünyası Algötür (Hoca Paşa Mah.),2.8,GETIR,41.0082,28.9784,ISTANBUL
3,"Fm Pide, Fatih (Katip Kasım Mah.)",0.0,GETIR,41.0082,28.9784,ISTANBUL
4,Umut Pide & Kebap (Kavaklıdere Mah.),4.7,GETIR,39.9334,32.8597,ANKARA
5,Pizza Time (Abidinpaşa Mah.),4.4,GETIR,39.9334,32.8597,ANKARA
6,Kahve 6 Kahvaltı & Cafe (Kocamustafapaşa Mah.),4.6,GETIR,41.0082,28.9784,ISTANBUL
7,Waffle Works & Kumpir & Tatlı,3.3,YEMEK_SEPETI,41.0082,28.9784,ISTANBUL
8,"Başak Kır Pidesi, Çankaya (Bahçelievler Mah.)",4.6,GETIR,39.9334,32.8597,ANKARA
9,"Konak Döner & Lahmacun, Mamak (Abidinpaşa Mah.)",4.6,GETIR,39.9334,32.8597,ANKARA
10,"Hikmet Döner Salonu, Merkez (Mustafa Paşa Mah.)",0.0,GETIR,38.6748,39.2225,ELAZIĞ
11,"Akın Kebap, Altındağ (Hacettepe Mah.) ",3.4,GETIR,39.9334,32.8597,ANKARA
12,Balipaşa Pilavcısı (Mimar Hayrettin Mah.),0.0,GETIR,41.0082,28.9784,ISTANBUL
13,Lagetom Coffee (Bahçelievler Mah.),0.0,GETIR,39.9334,32.8597,ANKARA
14,Çırahan Kilo Mangal & Izgara Döner,4.0,YEMEK_SEPETI,38.6748,39.2225,ELAZIĞ
15,Il Pollo Del Capo (Bahçelievler Mah.)  ,4.5,GETIR,39.9334,32.8597,ANKARA
16,"Pizza City, Merkez (Çaydaçıra Mah.)",4.6,GETIR,38.6748,39.2225,ELAZIĞ
17,Maydonoz Döner,3.7,YEMEK_SEPETI,39.9334,32.8597,ANKARA
18,"SB Döner & Sos, Merkez (Yeni Mah.)",3.6,GETIR,38.6748,39.2225,ELAZIĞ
19,"Mersinli Ciğerci Aydın, Çankaya (Maltepe Mah.)",4.4,GETIR,39.9334,32.8597,ANKARA
20,"Tunus Islak Hamburger, Çankaya (Maltepe Mah.)",0.0,GETIR,39.9334,32.8597,ANKARA
21,"Çırahan Kilo Mangal & Izgara Döner, Merkez (Çaydaçıra Mah.)  ",4.4,GETIR,38.6748,39.2225,ELAZIĞ
22,"Usta Dönerci, Merkez (Malatya Cad.)",3.8,GETIR,38.6748,39.2225,ELAZIĞ
23,Şırdancı Mehmet,3.5,YEMEK_SEPETI,41.0082,28.9784,ISTANBUL
24,Kebo,4.1,YEMEK_SEPETI,38.6748,39.2225,ELAZIĞ
25,Turtles Pizza (Esatoğlu Mah.),4.7,GETIR,39.9334,32.8597,ANKARA
26,"Köfteci Sadık Usta, Merkez (Doğukent Mah.)",4.2,GETIR,38.6748,39.2225,ELAZIĞ
27,Selimiye Muhallebicisi (Maltepe Mah.),4.5,GETIR,41.0082,28.9784,ISTANBUL
28,Birlik Sandviç (Remzi Oğuz Arık Mah.),4.5,GETIR,39.9334,32.8597,ANKARA
29,İkizler Pilavcısı (Cerrahpaşa Mah. -Esekapı),4.5,GETIR,41.0082,28.9784,ISTANBUL
30,Kral Tantuni & Cajun & Burger,3.8,YEMEK_SEPETI,39.9334,32.8597,ANKARA
31,"Mehmetcik Pide, Merkez (Akpınar Mah.)",0.0,GETIR,38.6748,39.2225,ELAZIĞ
32,Sugar & Cheese,3.3,YEMEK_SEPETI,41.0082,28.9784,ISTANBUL
33,Es Sucuk'cum (Camiikebir Mah.),4.4,GETIR,41.0082,28.9784,ISTANBUL
34,"Well Tost Sandviç, Çankaya (Dögol Cad.)",4.2,GETIR,39.9334,32.8597,ANKARA
35,Akdeniz Hatay Sofrası (İskenderpaşa Mah.),3.9,GETIR,41.0082,28.9784,ISTANBUL
36,"Meşhur Adıyaman Çiğ Köftecisi Ömer Aybak, (Mebusevler Mah.)",4.5,GETIR,39.9334,32.8597,ANKARA
37,Hanzade Baklava & Sütlü Tatlı (Ali Kuşcu Mah.)  ,3.7,GETIR,41.0082,28.9784,ISTANBUL
38,Öz Başkent Dürümcüsü,3.3,YEMEK_SEPETI,39.9334,32.8597,ANKARA
39,"Serince Çiğ Köfte, Çankaya (Bahçelievler Mah.)",4.3,GETIR,39.9334,32.8597,ANKARA
40,"Chinese Wood'n Wok, Çankaya (Umut Mah.)",4.4,GETIR,39.9334,32.8597,ANKARA
41,"İstanbul Islak Hamburgercisi, Çankaya (Küçükesat Mah.)",4.2,GETIR,39.9334,32.8597,ANKARA
42,Sosso Döner & Tantuni,0.0,YEMEK_SEPETI,38.6748,39.2225,ELAZIĞ
43,"Butat Tantuni, Merkez (Çarşı Mah.)",3.7,GETIR,38.6748,39.2225,ELAZIĞ
44,"Caffé Di Toeé, Çankaya (Eti Mah.)   ",3.6,GETIR,39.9334,32.8597,ANKARA
45,Has Dürüm (İskenderpaşa Mah.),4.2,GETIR,41.0082,28.9784,ISTANBUL
46,"F. Chef İtaliano Pizza & Pasta, Şişli (Halaskargazi Mah.)",4.1,GETIR,41.0082,28.9784,ISTANBUL
47,Chicken Bros (Maltepe Mah.),4.5,GETIR,41.0082,28.9784,ISTANBUL
48,Bir Efsane Döner (İleri Mah.),4.5,GETIR,39.9334,32.8597,ANKARA
49,"Atabay Katık Haus, Merkez (Çaydaçıra Mah.)  ",4.2,GETIR,38.6748,39.2225,ELAZIĞ
50,Yusuf Büryan & Kebap,0.0,YEMEK_SEPETI,41.0082,28.9784,ISTANBUL
51,Best Burger,4.5,YEMEK_SEPETI,41.0082,28.9784,ISTANBUL
52,"Kayseri Gurme, Çankaya (İleri Mah.)",4.2,GETIR,39.9334,32.8597,ANKARA
53,Öz Sarıyer Börek & Pide,3.4,YEMEK_SEPETI,38.6748,39.2225,ELAZIĞ
54,"Kim7 Kumrucu Fast Food, Çankaya (Korkutreis Mah.)",4.4,GETIR,39.9334,32.8597,ANKARA
55,Abbasi Ev Yemekleri (Kalyoncu Kulluk Mah.),4.2,GETIR,41.0082,28.9784,ISTANBUL
56,Adile Sultan Ev Yemekleri (Yavuz Sultan Selim Mah.),4.7,GETIR,41.0082,28.9784,ISTANBUL
57,Efe Pide & Lahmacun (Mimar Hayrettin Mah.),4.3,GETIR,41.0082,28.9784,ISTANBUL
58,Pilavcı Kardeşler,4.4,YEMEK_SEPETI,41.0082,28.9784,ISTANBUL
59,Tavada Tavuk (Akşemsettin Mah.),3.8,GETIR,41.0082,28.9784,ISTANBUL
60,Chinese & Sushi Express (Asmalımescit Mah.),4.7,GETIR,41.0082,28.9784,ISTANBUL
61,"Starbucks®, Çankaya (Cumhuriyet Mah.)",4.3,GETIR,39.9334,32.8597,ANKARA
62,"Bowl & More, Çankaya (Tınaztepe Mah.)",4.3,GETIR,39.9334,32.8597,ANKARA
63,"Ünlülerin Çiğ Köftecisi Malatyalı Osman Usta, (Fidanlık Mah.)",4.3,GETIR,39.9334,32.8597,ANKARA
64,Etçi Mücahit Burger & Döner (Akşemsettin Mah.),3.9,GETIR,41.0082,28.9784,ISTANBUL
65,"Arıbal Fırın, Mamak (Aşık Veysel Mah.)",4.5,GETIR,39.9334,32.8597,ANKARA
66,Başvekil Extra (Şehremini Mah. - Çapa),4.5,GETIR,41.0082,28.9784,ISTANBUL
67,Cajun Chicken Time (Seyranbağları Mah.),4.6,GETIR,39.9334,32.8597,ANKARA
68,Çınar Lahmacun Pide & Kebap,0.0,YEMEK_SEPETI,41.0082,28.9784,ISTANBUL
69,Acıktım Halil Usta (Katipmustafa Çelebi Mah.),4.5,GETIR,41.0082,28.9784,ISTANBUL
70,Harun Ustanın Gözlemesi (Küçük Piyale Mah.),4.8,GETIR,41.0082,28.9784,ISTANBUL
71,Ekleristan (Kocamustafapaşa Mah.),4.5,GETIR,41.0082,28.9784,ISTANBUL
72,"Elaziz Çiğköfte, Merkez (İcadiye Mah.) ",4.2,GETIR,38.6748,39.2225,ELAZIĞ
73,Şanlıurfa Dürümce Kebap (Cerrahpaşa Mah.),3.4,GETIR,41.0082,28.9784,ISTANBUL
74,Köftecim Sadık Usta,3.7,YEMEK_SEPETI,38.6748,39.2225,ELAZIĞ
75,Gurme Mutfak Ev Yemekleri (Ali Kuşçu Mah.),4.2,GETIR,41.0082,28.9784,ISTANBUL
76,"Sefer Piknik Vitamin, Çankaya (Kızılay Mah.)",4.3,GETIR,39.9334,32.8597,ANKARA
77,Huzur Pide & Kebap,3.7,YEMEK_SEPETI,39.9334,32.8597,ANKARA
78,"Komagene Etsiz Çiğ Köfte, Altındağ (Dışkapı)",4.4,GETIR,39.9334,32.8597,ANKARA
79,Beyoğlu Unkapanı pilavcısı (Kalyoncu Kulluğu Mah.),4.4,GETIR,41.0082,28.9784,ISTANBUL
80,Sar Kebap,4.1,YEMEK_SEPETI,39.9334,32.8597,ANKARA
81,"Balta Burger, Merkez (Cumhuriyet Mah.)",4.3,GETIR,38.6748,39.2225,ELAZIĞ
82,Pizza Bulls,4.2,YEMEK_SEPETI,41.0082,28.9784,ISTANBUL
83,"Ulaş Et Lokantası, Merkez (Üniversite Mah.)",4.7,GETIR,38.6748,39.2225,ELAZIĞ
84,Hacıelaziz Çiğköfte (İskenderpaşa Mah.),4.3,GETIR,41.0082,28.9784,ISTANBUL
85,Rain Bowl (Ergenekon Mah.),3.5,GETIR,41.0082,28.9784,ISTANBUL
86,"Lezzetlim, Merkez (Akpınar Mah.)",4.3,GETIR,38.6748,39.2225,ELAZIĞ
87,Mersin Tantuni & Kebap Cengiz Usta,4.0,YEMEK_SEPETI,39.9334,32.8597,ANKARA
88,"Home Burger, Merkez (Çaydaçıra Mah.)",4.3,GETIR,38.6748,39.2225,ELAZIĞ
89,"Motto Cafe, Çankaya (Tınaztepe Mah.)",0.0,GETIR,39.9334,32.8597,ANKARA
90,"SR Döner, Çankaya (Cebeci Mah.)",4.2,GETIR,39.9334,32.8597,ANKARA
91,Türkeli Mantı Evi (Dikilitaş Mah.),3.9,GETIR,41.0082,28.9784,ISTANBUL
92,"Hob Chocolate, Keçiören (Emrah Mah.)",4.7,GETIR,39.9334,32.8597,ANKARA
93,Dönerci Celal Usta (Hocapaşa Mah.),4.7,GETIR,41.0082,28.9784,ISTANBUL
94,"Berliner Döner, Çankaya (Fidanlık Mah.)",4.3,GETIR,39.9334,32.8597,ANKARA
95,"Hatay Mix Burger, Merkez (Üniversite Mah.)",4.6,GETIR,38.6748,39.2225,ELAZIĞ
96,"Befem Mutfağı, Merkez (Sanayi 1. Bölge Mah.)",0.0,GETIR,38.6748,39.2225,ELAZIĞ
97,Burgerillas (Rüstempaşa Mah.),4.4,GETIR,41.0082,28.9784,ISTANBUL
98,"Bebu Restaurant, Esenler (Mimar Sinan Mah.)",0.0,GETIR,41.0082,28.9784,ISTANBUL
99,"Pizza Hut, Altındağ (Hacettepe Mah.)",3.6,GETIR,39.9334,32.8597,ANKARA
100,"Tavuk Dünyası, Merkez (Nail Bey Mah.)",4.0,GETIR,38.6748,39.2225,ELAZIĞ
101,"Köftecimm, Mamak (Abidinpaşa Mah.)",4.8,GETIR,39.9334,32.8597,ANKARA
102,Taj-Mahal Indian Restaurant (Asmalı Mescit Mah.),4.4,GETIR,41.0082,28.9784,ISTANBUL
103,American Burger (İskenderpaşa Mah.),3.7,GETIR,41.0082,28.9784,ISTANBUL
104,Lahmacun Gross Çankaya (İleri Mah.),4.5,GETIR,39.9334,32.8597,ANKARA
105,"Efe Piknik & Köfte & Döner, Kurtuluş (Topraklık Mah.)",3.9,GETIR,39.9334,32.8597,ANKARA
106,Noodle Magic Box (Cihangir Mah.),4.4,GETIR,41.0082,28.9784,ISTANBUL
107,Lahmacuncu Üniversite Mah.,4.4,YEMEK_SEPETI,38.6748,39.2225,ELAZIĞ
108,"Niyokki Doğal Makarna, Merkez (Cumhuriyet Mah.)",4.0,GETIR,38.6748,39.2225,ELAZIĞ
109,Cafemo (Cerrahpaşa Mah.),4.4,GETIR,41.0082,28.9784,ISTANBUL
110,"Harrbi Efsane Lezzet, Çankaya (Fakülteler Mah.)",4.4,GETIR,39.9334,32.8597,ANKARA
111,"Hacıoğlu, Fatih (Ali Kuşçu Mah.)",4.3,GETIR,41.0082,28.9784,ISTANBUL
112,"El-Aziz Çiğ Köfte, Merkez (Üniversite Mah.)",4.1,GETIR,38.6748,39.2225,ELAZIĞ
113,"Kasap 1923, Çankaya (Kavaklıdere Mah.)",4.4,GETIR,39.9334,32.8597,ANKARA
114,Etiler Marmaris (Katip Kasım Mah.),4.1,GETIR,41.0082,28.9784,ISTANBUL
115,Çakraz Piliç,4.3,YEMEK_SEPETI,39.9334,32.8597,ANKARA
116,"Meşhur Adıyaman Çiğ Köftecisi Ömer Aybak, Mamak (Balkiraz Mah.)",4.0,GETIR,39.9334,32.8597,ANKARA
117,"Meşhur Adıyaman Çiğ Köftecisi Bayram Usta, Zübeyde Hanım Mah.",4.6,GETIR,39.9334,32.8597,ANKARA
118,Lokanta Elina (Yahya Kahya Mah.),4.6,GETIR,41.0082,28.9784,ISTANBUL
119,Çıtır Kadir Lahmacun & Pide (Cerrahpaşa Mah.),4.2,GETIR,41.0082,28.9784,ISTANBUL
120,Cerrahpaşa Pilavcısı (Cerrahpaşa Mah. - K.M. Paşa Cad.),4.5,GETIR,41.0082,28.9784,ISTANBUL
121,Ulaş Balıkçılık (Firuzağa Mah.),4.8,GETIR,41.0082,28.9784,ISTANBUL
122,"Pizza Lazza, Altındağ (Hacettepe Mah.)",4.2,GETIR,39.9334,32.8597,ANKARA
123,Beast Burger & Pasta,3.6,YEMEK_SEPETI,39.9334,32.8597,ANKARA
124,Küşane Burger & Pizza,4.8,YEMEK_SEPETI,38.6748,39.2225,ELAZIĞ
125,Gurme Kokoreç & Izgara,3.2,YEMEK_SEPETI,38.6748,39.2225,ELAZIĞ
126,"Dalyan Balıkçılık, Keçiören (Şefkat Mah. - Mecidiye)",4.3,GETIR,39.9334,32.8597,ANKARA
127,"Junk Vegan, Çankaya ( Remzi Oğuz Arık )",4.7,GETIR,39.9334,32.8597,ANKARA
128,Gedikli Köfte & Grill (Müeyyetzade Mah.),4.7,GETIR,41.0082,28.9784,ISTANBUL
129,"Starbucks®, Çankaya (Kızılay Meşrutiyet Mah.)",4.4,GETIR,39.9334,32.8597,ANKARA
130,"Pilav, Merkez (Üniversite Mah.)",4.1,GETIR,38.6748,39.2225,ELAZIĞ
131,"Yıldızsem Tantuni, Merkez (Yeni Mah.)",4.6,GETIR,38.6748,39.2225,ELAZIĞ
132,"Kızılelma Pilavcısı, Fatih (Haseki Sultan Mah.)",0.0,GETIR,41.0082,28.9784,ISTANBUL
133,Bereket Döner,3.6,YEMEK_SEPETI,41.0082,28.9784,ISTANBUL
134,Damla Pide (Haseki Sultan Mah.),4.2,GETIR,41.0082,28.9784,ISTANBUL
135,"Fero's Pizza & Hamburger & Izgara, Çankaya (Seyranbağları Mah.)",4.4,GETIR,39.9334,32.8597,ANKARA
136,"Arabica, Çankaya (Çamlıtepe Mah.)",4.4,GETIR,39.9334,32.8597,ANKARA
137,Kaşık’La Kovada Makarna,3.7,YEMEK_SEPETI,39.9334,32.8597,ANKARA
138,"Hünerli Pizza, Mamak (Bahçelerüstü Mah.)",4.7,GETIR,39.9334,32.8597,ANKARA
139,"Das Sandviç, Merkez (Sürsürü Mah.)",4.6,GETIR,38.6748,39.2225,ELAZIĞ
140,Trend Adıyaman Çiğköfte,4.2,YEMEK_SEPETI,41.0082,28.9784,ISTANBUL
141,Tarhana Kazanı,4.1,YEMEK_SEPETI,39.9334,32.8597,ANKARA
142,"Kasap Köfte, Merkez (Doğu Kent Mah.)",4.3,GETIR,38.6748,39.2225,ELAZIĞ
143,Dalain Restaurant (Akşemsettin Mah.),4.5,GETIR,41.0082,28.9784,ISTANBUL
144,"Cumhuriyet Fırını, Çankaya (Ertuğrulgazi Mah.)",4.4,GETIR,39.9334,32.8597,ANKARA
145,Kovada Pilav,3.5,YEMEK_SEPETI,39.9334,32.8597,ANKARA
146,"Ada döner, Çankaya (Bahçelievler Mah.)",4.3,GETIR,39.9334,32.8597,ANKARA
147,Eyüp Sultan Sofrası (Yedikule Mah.),4.4,GETIR,41.0082,28.9784,ISTANBUL
148,"Murat Piknik & Kilo Mangal, Merkez (İzzet Paşa Mah.)",4.4,GETIR,38.6748,39.2225,ELAZIĞ
149,Motto Fried Chicken (Akşemsettin Mah.),4.7,GETIR,41.0082,28.9784,ISTANBUL
150,"Lavinia Çikolata & Kahve, Merkez (Cumhuriyet 2. Bölge Mah.)",3.8,GETIR,38.6748,39.2225,ELAZIĞ
151,El-Aziz Çiğ Köfte,4.1,YEMEK_SEPETI,38.6748,39.2225,ELAZIĞ
152,Master Chef Mehmet Kebap,3.7,YEMEK_SEPETI,41.0082,28.9784,ISTANBUL
153,Pilav Üstü Aşk,3.9,YEMEK_SEPETI,39.9334,32.8597,ANKARA
154,Espressolab (Sirkeci - Hobyar Mah.),4.4,GETIR,41.0082,28.9784,ISTANBUL
155,Şanlı Urfa Kebap (İnönü Mah.),4.6,GETIR,41.0082,28.9784,ISTANBUL
156,"Uluçay Tantuni, Çankaya (Balgat, Oğuzlar Mah.)",4.8,GETIR,39.9334,32.8597,ANKARA
157,"Caffe Di Toee, Çankaya ( Kavaklıdere Mah. )",3.9,GETIR,39.9334,32.8597,ANKARA
158,Yanar Döner Tantuni,0.0,YEMEK_SEPETI,38.6748,39.2225,ELAZIĞ
159,Develi (Koca Mustafapaşa Mah.),4.7,GETIR,41.0082,28.9784,ISTANBUL
160,Can Watan Cafe (Şehremini Mah.),3.6,GETIR,41.0082,28.9784,ISTANBUL
161,"Coffy, Çankaya (Fakülteler Mah.)",4.0,GETIR,39.9334,32.8597,ANKARA
162,"Ataşehir Kilo Mangal & Dürüm, Merkez (Ataşehir Mah.)",4.2,GETIR,38.6748,39.2225,ELAZIĞ
163,Yıldız Döner (Orta Mah.),4.5,GETIR,41.0082,28.9784,ISTANBUL
164,Öz Çiçek Unlu Mamüller,3.6,YEMEK_SEPETI,38.6748,39.2225,ELAZIĞ
165,"Cajun Shack, Çankaya (Esatoğlu Mah.)",0.0,GETIR,39.9334,32.8597,ANKARA
166,"Güven Şiş Kilo Mangal, Merkez (Nail Bey Mah.)",4.4,GETIR,38.6748,39.2225,ELAZIĞ
167,"Düdük Makarna & Tost & Salata, Çankaya (Barbaros Mah.)",3.3,GETIR,39.9334,32.8597,ANKARA
168,"Amcanın Yeri, Merkez (Çarşı Mah.)",4.5,GETIR,38.6748,39.2225,ELAZIĞ
169,Ceviziçi Çiğ Köfte,3.0,YEMEK_SEPETI,38.6748,39.2225,ELAZIĞ
170,"Komagene Etsiz Çiğ Köfte, Kolej",4.3,GETIR,39.9334,32.8597,ANKARA
171,"Urfalı Hacı Mehmet, Ulus (Anafartalar)",4.7,GETIR,39.9334,32.8597,ANKARA
172,Muhtar Tatlı & Cafe (Hırka-i Şerif Mah.),0.0,GETIR,41.0082,28.9784,ISTANBUL
173,"Ezgi'nin Mutfağı, Çankaya ( Maltepe Mah. )",4.4,GETIR,39.9334,32.8597,ANKARA
174,"Waffle Express, Çankaya (Maltepe Mah.)",3.8,GETIR,39.9334,32.8597,ANKARA
175,"Yıldız Aspava, Çankaya (Bahçelievler Mah. - Beşevler)",4.5,GETIR,39.9334,32.8597,ANKARA
176,"Komagene Etsiz Çiğ Köfte, Çankaya (Cebeci Mah.)  ",3.9,GETIR,39.9334,32.8597,ANKARA
177,"Atom Ayvalık & Kumru, Göktürk Mah.",4.7,GETIR,39.9334,32.8597,ANKARA
178,"SB Döner & Sos, Merkez (Cumhuriyet Mah.)",3.3,GETIR,38.6748,39.2225,ELAZIĞ
179,"Chef Omar, Fatih (Molla Gürani Mah.)",0.0,GETIR,41.0082,28.9784,ISTANBUL
180,McDonald's,2.7,YEMEK_SEPETI,39.9334,32.8597,ANKARA
181,"Ayder Kafeterya & Kahvaltı, Merkez (Üniversite Mah.)",4.3,GETIR,38.6748,39.2225,ELAZIĞ
182,Domino's Pizza Çankaya (Fakülteler Mah.),4.5,GETIR,39.9334,32.8597,ANKARA
183,Paçacı Mahmut (İskenderpaşa Mah.),4.4,GETIR,41.0082,28.9784,ISTANBUL
184,"Meşhur İstanbul Pilavcısı, Çankaya (Bahçelievler Mah.)",0.0,GETIR,39.9334,32.8597,ANKARA
185,Maydonoz Döner (Aksaray Mah.),3.8,GETIR,41.0082,28.9784,ISTANBUL
186,"Öz Kebap 9, Mamak (Demirlibahçe Mah.)",4.4,GETIR,39.9334,32.8597,ANKARA
187,"Asmalı Balkon, ( Mustafa Kemal Mah. )",4.8,GETIR,39.9334,32.8597,ANKARA
188,"Boldi Kumrucu Sinan, Çankaya (Bahçelievler Mah. - Beşevler)",4.0,GETIR,39.9334,32.8597,ANKARA
189,Rain Burger (Kemalpaşa Mah.),4.5,GETIR,41.0082,28.9784,ISTANBUL
190,Zambo Waffle (Rüstempaşa Mah.),0.0,GETIR,41.0082,28.9784,ISTANBUL
191,Sadi Pide & Kebap (İncesu Mah.),4.1,GETIR,39.9334,32.8597,ANKARA
192,Başkent Gözleme Evi (Korkutreis Mah.),4.8,GETIR,39.9334,32.8597,ANKARA
193,"Öz Urfa Çiğ Köfte Sofrası, Merkez (Yeni Mah.)",3.0,GETIR,38.6748,39.2225,ELAZIĞ
194,"Beyzade Pide & Lahmacun, Altındağ (Güneşevler Mah.)",4.4,GETIR,39.9334,32.8597,ANKARA
195,Cajun Fabrikası,3.8,YEMEK_SEPETI,39.9334,32.8597,ANKARA
196,"The Toast Tost, Çankaya (Remzi Oğuz Arık Mah.)",4.6,GETIR,39.9334,32.8597,ANKARA
197,Beneren Tost & Gözleme (Dikilitaş Mah.)   ,3.5,GETIR,41.0082,28.9784,ISTANBUL
198,"Forza Burger, Çankaya (Muhsin Ertuğrul Mah.)",4.3,GETIR,39.9334,32.8597,ANKARA
199,"Acı-yip Bi Dürüm, Çankaya (Tınaztepe Mah. )",0.0,GETIR,39.9334,32.8597,ANKARA
200,Virginia Angus Steakhouse & Burger (Tahtakale Mah.),4.4,GETIR,41.0082,28.9784,ISTANBUL
201,Meşhur Kumkapı Pilavcısı,4.0,YEMEK_SEPETI,41.0082,28.9784,ISTANBUL
202,Kirvem Tantuni & Döner,3.6,YEMEK_SEPETI,41.0082,28.9784,ISTANBUL
203,Komagene Etsiz Çiğ Köfte (Kocatepe Mah.),4.2,GETIR,39.9334,32.8597,ANKARA
204,"Ziyafet Çiğköfte, Altındağ, Hacettepe Mah.",4.4,GETIR,39.9334,32.8597,ANKARA
205,Köfteci Yusuf (Hocapaşa Mah.),3.0,GETIR,41.0082,28.9784,ISTANBUL
206,Paşa Mevlana Pide (Cerrahpaşa Mah.),4.6,GETIR,41.0082,28.9784,ISTANBUL
207,Payitaht Köfte & Kebap (Merkezefendi Mah.),4.3,GETIR,41.0082,28.9784,ISTANBUL
208,Dikilitaş Pide (Yıldıztabya Mah.),4.6,GETIR,41.0082,28.9784,ISTANBUL
209,Çiğköfte House (İnönü Mah.),4.4,GETIR,41.0082,28.9784,ISTANBUL
210,"Komagene Etsiz Çiğ Köfte, Çankaya (İleri Mah.)",3.1,GETIR,39.9334,32.8597,ANKARA
211,"HD İskender, Çankaya (Kocatepe Mah.)",4.5,GETIR,39.9334,32.8597,ANKARA
212,"El-Aziz Çiğköfte, Merkez (Kültür Mah.)",4.2,GETIR,38.6748,39.2225,ELAZIĞ
213,"The Sandwich Bar, Çankaya (Bahçelievler Mah.)",4.7,GETIR,39.9334,32.8597,ANKARA
214,Vega Tatlı & Dondurma (Dikilitaş Mah.)   ,4.2,GETIR,41.0082,28.9784,ISTANBUL
215,"Baklavacı Battalbey, Merkez (Nailbey Mah.)",3.8,GETIR,38.6748,39.2225,ELAZIĞ
216,Gaziantepli Yılmazoğlu Baklavaları (Ali Kuşçu Mah.),4.5,GETIR,41.0082,28.9784,ISTANBUL
217,"Şark Tatlı, Çankaya (Kızılay Mah.)",4.5,GETIR,39.9334,32.8597,ANKARA
218,Cihan Derya Balık (Şehremini Mah.),4.5,GETIR,41.0082,28.9784,ISTANBUL
219,"Battalbey Çiğ Köftecisi, Merkez (Nailbey Mah.)",4.5,GETIR,38.6748,39.2225,ELAZIĞ
220,Paşa Mevlana Pide,4.5,YEMEK_SEPETI,41.0082,28.9784,ISTANBUL
221,Cajun Corner (Müeyyetzade Mah.)   ,3.3,GETIR,41.0082,28.9784,ISTANBUL
222,"Domates Pide & Pizza & Waffle, Çankaya (İleri Mah.)",4.5,GETIR,39.9334,32.8597,ANKARA
223,"Pasaport Pizza, Kurtuluş (Öncebeci Mah.)   ",3.8,GETIR,39.9334,32.8597,ANKARA
224,Hünkar BEY Lokantası (Çarşı Mah.),4.1,GETIR,38.6748,39.2225,ELAZIĞ
225,Asrın Profiterol Fulya (Gümüşsuyu Mah.),4.8,GETIR,41.0082,28.9784,ISTANBUL
226,Sarıhan Restaurant,4.3,YEMEK_SEPETI,41.0082,28.9784,ISTANBUL
227,Bereket Döner (İskenderpaşa Mah.),4.1,GETIR,41.0082,28.9784,ISTANBUL
228,Damak Tadı Mantı & Ev Yemekleri (İleri Mah.),4.6,GETIR,39.9334,32.8597,ANKARA
229,Nusret Steakhouse (Beyazıt Mah.),3.3,GETIR,41.0082,28.9784,ISTANBUL
230,"Apikoğlu Çiğ Köfte, Çankaya (Fakülteler Mah.)",4.3,GETIR,39.9334,32.8597,ANKARA
231,Tatlı Cup (Balabanağa Mah.),0.0,GETIR,41.0082,28.9784,ISTANBUL
232,"Waffle Capitale 2, Çankaya (Yücetepe Mah.)",4.3,GETIR,39.9334,32.8597,ANKARA
233,"Hot Döner, Çankaya (Kızılay Mah.)",4.4,GETIR,39.9334,32.8597,ANKARA
234,Şampiyon Kokoreç,3.2,YEMEK_SEPETI,38.6748,39.2225,ELAZIĞ
235,Öykü İskenderun Ateşi,3.0,YEMEK_SEPETI,38.6748,39.2225,ELAZIĞ
236,Ramadan Dürüm Evi (Bozkurt Mah.),4.6,GETIR,41.0082,28.9784,ISTANBUL
237,Tostçu Mahmut,4.2,YEMEK_SEPETI,38.6748,39.2225,ELAZIĞ
238,"Komagene Etsiz Çiğ Köfte, Merkez (Sürsürü Mah.)",3.9,GETIR,38.6748,39.2225,ELAZIĞ
239,Pilavcızade Mahmutefendi,4.4,YEMEK_SEPETI,39.9334,32.8597,ANKARA
240,"Kumrucu Patron, Mamak (Şafaktepe Mah.)",3.4,GETIR,39.9334,32.8597,ANKARA
241,Abella Cajun (Kavaklıdere),4.5,GETIR,39.9334,32.8597,ANKARA
242,Cajun Shack,4.1,YEMEK_SEPETI,39.9334,32.8597,ANKARA
243,"Ajun's Chicken Cajun & Burger, Çankaya (Cebeci Mah.)",4.6,GETIR,39.9334,32.8597,ANKARA
244,Balta Burger,3.9,YEMEK_SEPETI,38.6748,39.2225,ELAZIĞ
245,"Güven Börek, Altındağ ( Zübeyde Hanım Mah. )",3.7,GETIR,39.9334,32.8597,ANKARA
246,"Akay Pide, Çankaya (Aşıkpaşa Mah.)",4.5,GETIR,39.9334,32.8597,ANKARA
247,Komagene Etsiz Çiğ Köfte,4.0,YEMEK_SEPETI,41.0082,28.9784,ISTANBUL
248,"Çorbacı Osman Usta, Çankaya (Kocatepe Mah.)",4.1,GETIR,39.9334,32.8597,ANKARA
249,"Gadasını Aldığım Mantı & Mutfak, Çankaya (Yukarı Bahçelievler .)",4.3,GETIR,39.9334,32.8597,ANKARA
250,"Bülent Börek, Çankaya (Korkutreis Mah.)",4.4,GETIR,39.9334,32.8597,ANKARA
251,İnce Profiterol (Fulya Mah.),4.6,GETIR,41.0082,28.9784,ISTANBUL
252,Çin Büfe & Sushi (Kuloğlu Mah.),4.8,GETIR,41.0082,28.9784,ISTANBUL
253,"Hacı İsmailoğlu, Çankaya (Bahçelievler Mah.)",4.6,GETIR,39.9334,32.8597,ANKARA
254,Aydın Köfte & Pide Lahmacun (İskenderpaşa Mah.),4.5,GETIR,41.0082,28.9784,ISTANBUL
255,Mehmet Chef Pide & Lahmacun,3.5,YEMEK_SEPETI,41.0082,28.9784,ISTANBUL
256,Masabaşı Kebapçısı (Remzi Oğuz Arık Mah.),4.6,GETIR,39.9334,32.8597,ANKARA
257,Hot Döner (Hirkai Şerif Mah.),4.1,GETIR,41.0082,28.9784,ISTANBUL
258,Route Burger House,4.4,YEMEK_SEPETI,41.0082,28.9784,ISTANBUL
259,Rezzan Kebap ve Pide Salonu (Muhsine Hatun Cad.),3.9,GETIR,41.0082,28.9784,ISTANBUL
260,Hacıbey,4.3,YEMEK_SEPETI,38.6748,39.2225,ELAZIĞ
261,"Afilli Pizza, Çankaya (Fakülteler Mah.)",4.7,GETIR,39.9334,32.8597,ANKARA
262,"Gaziantepli Muhteşem Baklava & Künefe, Merkez (Sürsürü Mah.)",4.9,GETIR,38.6748,39.2225,ELAZIĞ
263,Yaz Döner (Akşemsettin Mah.),4.4,GETIR,41.0082,28.9784,ISTANBUL
264,"Asmalı, Merkez (Çaydaçıra Mah.)",4.6,GETIR,38.6748,39.2225,ELAZIĞ
265,Mayonez Döner (Maltepe Mah.),3.5,GETIR,39.9334,32.8597,ANKARA
266,Liva (Küçükesat Mah.),4.6,GETIR,39.9334,32.8597,ANKARA
267,"Alo Mangal, Merkez (Sürsürü Mah.)",4.0,GETIR,38.6748,39.2225,ELAZIĞ
268,İkizler Pilavcısı,4.4,YEMEK_SEPETI,41.0082,28.9784,ISTANBUL
269,Ali Muhiddin Hacı Bekir (Hobyar Mah.),5.0,GETIR,41.0082,28.9784,ISTANBUL
270,Aşiyan Pasta & Bistro (Cebeci Mah.),4.6,GETIR,39.9334,32.8597,ANKARA
271,Ustam Kebap Dünyası (Aksaray Mah.),4.7,GETIR,41.0082,28.9784,ISTANBUL
272,"Dois Döner, Çankaya (Kızılay Meşrutiyet Mah.)",4.7,GETIR,39.9334,32.8597,ANKARA
273,"Hanedan İskender & Pide & Kebap, Çankaya (Fakülteler Mah.)",4.0,GETIR,39.9334,32.8597,ANKARA
274,Pidem (Akşemsettin Mah.),3.8,GETIR,41.0082,28.9784,ISTANBUL
275,ECK Erzurum Cağ Kebap (Akşemsettin Mah.),4.4,GETIR,41.0082,28.9784,ISTANBUL
276,"Bülent Börek, Merkez (Üniversite Mah.)",4.6,GETIR,38.6748,39.2225,ELAZIĞ
277,Bilkent Sözeri Pide & Kebap (Beytepe Mah.),4.5,GETIR,39.9334,32.8597,ANKARA
278,Berlinerci (Mimar Hayrettin Mah.),3.2,GETIR,41.0082,28.9784,ISTANBUL
279,"Italian Di'pizza, Çankaya (Fakülteler Mah.)",4.5,GETIR,39.9334,32.8597,ANKARA
280,"Tantuni Time, Merkez (Sürsürü Mah.)",0.0,GETIR,38.6748,39.2225,ELAZIĞ
281,"Paşam Kebap ve Lahmacun, Merkez (İcadiye Mah.)",0.0,GETIR,38.6748,39.2225,ELAZIĞ
282,Hazarking Çiğ Köfte,0.0,YEMEK_SEPETI,38.6748,39.2225,ELAZIĞ
283,Bambi Cafe (Sirkeci),4.4,GETIR,41.0082,28.9784,ISTANBUL
284,Hero's Tatlı (Hobyar Mah.)   ,0.0,GETIR,41.0082,28.9784,ISTANBUL
285,"Big Baker Burger & Bakery, Kızılay (Meşrutiyet)",4.1,GETIR,39.9334,32.8597,ANKARA
286,Pasaport Pizza,3.9,YEMEK_SEPETI,39.9334,32.8597,ANKARA
287,"Rumeli Çarşı Marmaris, Şişli (Halaskargazi Mah.)  ",4.0,GETIR,41.0082,28.9784,ISTANBUL
288,Yesen Burger,4.0,YEMEK_SEPETI,41.0082,28.9784,ISTANBUL
289,Balya Mutfak (Firuzağa Mah.),4.7,GETIR,41.0082,28.9784,ISTANBUL
290,Hacı Bozan Oğulları (Mesihpaşa Mah.),4.3,GETIR,41.0082,28.9784,ISTANBUL
291,Meşhur Adıyaman Çiğ Köftecisi Ömer Aybak,4.1,YEMEK_SEPETI,39.9334,32.8597,ANKARA
292,"Komagene Etsiz Çiğ Köfte, Merkez (Seyda Molla Bahri Blv.)  ",4.6,GETIR,38.6748,39.2225,ELAZIĞ
293,Ciğerci Komutan,3.7,YEMEK_SEPETI,38.6748,39.2225,ELAZIĞ
294,"Öz Çiçek Unlu Mamüller, Merkez (Cumhuriyet Mah.)",3.9,GETIR,38.6748,39.2225,ELAZIĞ
295,Etiler Marmaris,3.3,YEMEK_SEPETI,41.0082,28.9784,ISTANBUL
296,İmç Unkapanı Pilavcısı,4.4,YEMEK_SEPETI,41.0082,28.9784,ISTANBUL
297,Baltazar (Kemankeş Karamustafapaşa Mah.),4.5,GETIR,41.0082,28.9784,ISTANBUL
298,"Hüso Gözleme, Altındağ (Hacettepe Mah.)",4.3,GETIR,39.9334,32.8597,ANKARA
299,Allons-y Burger (Kavaklıdere ),4.7,GETIR,39.9334,32.8597,ANKARA
300,Meşhur Adıyaman Çiğ Köftecisi Ömer Aybak (Beştepe Mah.),4.3,GETIR,39.9334,32.8597,ANKARA
301,"Hot Döner, Merkez (Üniversite Mah.)",4.5,GETIR,38.6748,39.2225,ELAZIĞ
302,Köfteci Yusuf,3.7,YEMEK_SEPETI,41.0082,28.9784,ISTANBUL
303,"Tombiş, Çankaya (Fakülteler Mah.)",4.3,GETIR,39.9334,32.8597,ANKARA
304,Akarca Kumru (Seyyid Ömer Mah.),4.4,GETIR,41.0082,28.9784,ISTANBUL
305,"Chef Kajun & Burger, Çankaya (Cebeci Mah.)",4.3,GETIR,39.9334,32.8597,ANKARA
306,"Kebap 149, Altındağ (Gültepe Mah.)",4.5,GETIR,39.9334,32.8597,ANKARA
307,"Farm Burger, Çankaya ( Fakülteler Mah. )",4.4,GETIR,39.9334,32.8597,ANKARA
308,Nasip Et Kebap & Pide,3.7,YEMEK_SEPETI,41.0082,28.9784,ISTANBUL
309,Mila Balık,4.5,YEMEK_SEPETI,41.0082,28.9784,ISTANBUL
310,"Kırık Oklava, Çankaya (Cebeci Mah.)",4.3,GETIR,39.9334,32.8597,ANKARA
311,Tarihi Eminönü Dürümcüsü (Hobyar Mah.),4.3,GETIR,41.0082,28.9784,ISTANBUL
312,"Kebap 9, Çankaya (Fakülteler Mah.)",4.5,GETIR,39.9334,32.8597,ANKARA
313,"Çömçe İşkembe & Kebap Evi, Mamak (Akdere Mah.)  ",4.4,GETIR,39.9334,32.8597,ANKARA
314,Ali Usta Burma Kadayıf & Baklavaları (Hocapaşa Mah. ),4.1,GETIR,41.0082,28.9784,ISTANBUL
315,"Maxchicken, Merkez (Yeni Mah.)",4.0,GETIR,38.6748,39.2225,ELAZIĞ
316,Ada Döner (Şehremini Mah.),4.5,GETIR,41.0082,28.9784,ISTANBUL
317,"Son Durak Kilo Mangal & Dürüm, Merkez (Yeni Mah.)",3.5,GETIR,38.6748,39.2225,ELAZIĞ
318,Dönerci Hasan Usta (Alibeyköy Mah),4.4,GETIR,41.0082,28.9784,ISTANBUL
319,Pınar Köfte,3.7,YEMEK_SEPETI,38.6748,39.2225,ELAZIĞ
320,"Hacıbey Köfte, Merkez (İzzet Paşa Mah.)",4.3,GETIR,38.6748,39.2225,ELAZIĞ
321,Oses Çiğ Köfte (Mimar Hayrettin Mah.),3.6,GETIR,41.0082,28.9784,ISTANBUL
322,Klas Köfte,3.6,YEMEK_SEPETI,38.6748,39.2225,ELAZIĞ
323,Burger Paket (Telsiz Mah.),4.4,GETIR,41.0082,28.9784,ISTANBUL
324,"Koçoğlu Elazığ Sofrası, Merkez (Sürsürü Mah.)",4.5,GETIR,38.6748,39.2225,ELAZIĞ
325,"Komagene Etsiz Çiğ Köfte, Mamak (Abidinpaşa Mah.-Karaşar Cad.)",4.1,GETIR,39.9334,32.8597,ANKARA
326,Sedef İskender (Ali Kuşçu Mah.),4.4,GETIR,41.0082,28.9784,ISTANBUL
327,"Aden Kır Pidesi, Çankaya (Cebeci Mah.)",4.6,GETIR,39.9334,32.8597,ANKARA
328,Kudo Kudo (Akşemsettin Mah.),3.4,GETIR,41.0082,28.9784,ISTANBUL
329,Park Pilavcı Hasan Usta'nın Yeri (Molla Gürani Mah.),4.3,GETIR,41.0082,28.9784,ISTANBUL
330,Mevlana Pide (Gökalp Mah.)   ,3.0,GETIR,41.0082,28.9784,ISTANBUL
331,"Hakiki Adanalı Dürüm Şırdan, Çankaya (Kızılay Meşrutiyet Mah.)",4.8,GETIR,39.9334,32.8597,ANKARA
332,Validem Börek (Esatoğlu Mah.),4.7,GETIR,39.9334,32.8597,ANKARA
333,Meşhur Cengiz Yıldırım Aspava (Eti Mah.),4.8,GETIR,39.9334,32.8597,ANKARA
334,Agonyalı Mevlana Pide (Cerrahpaşa Mah.),4.7,GETIR,41.0082,28.9784,ISTANBUL
335,"Dois Döner, Çankaya (Çamlıtepe Mah.)",4.4,GETIR,39.9334,32.8597,ANKARA
336,Devran Tatlıcısı (Karagümrük Mah),4.4,GETIR,41.0082,28.9784,ISTANBUL
337,Oses Çiğ Köfte,3.9,YEMEK_SEPETI,41.0082,28.9784,ISTANBUL
338,"Tadın Lahmacun, Merkez (Çarşı Mah.)",4.4,GETIR,38.6748,39.2225,ELAZIĞ
339,Akçiçek Mangal (Ayvansaray Mah.),4.7,GETIR,41.0082,28.9784,ISTANBUL
340,Cevizli Çiğ Köfte (Ali Kuşçu Mah.),0.0,GETIR,41.0082,28.9784,ISTANBUL
341,"Coffeesand, Çankaya (Remzi Oğuz Arık Mah.)",4.5,GETIR,39.9334,32.8597,ANKARA
342,Seyidoğlu (Hobyar Mah.)   ,0.0,GETIR,41.0082,28.9784,ISTANBUL
343,"Ustam Pide, Mamak  ( Balkiraz Mah. )",4.6,GETIR,39.9334,32.8597,ANKARA
344,"Sanaç Fast Food, Merkez (Çaydaçıra Mah.)",4.0,GETIR,38.6748,39.2225,ELAZIĞ
345,Popüler Döner (Yücetepe Mah.),4.4,GETIR,39.9334,32.8597,ANKARA
346,"Hazarhan Çiğ Köfte, Merkez (İzzet Paşa Mah.)",4.2,GETIR,38.6748,39.2225,ELAZIĞ
347,"Kor Ateş Köfte & Kokoreç, Mamak (Saime Kadın Mah.) ",4.6,GETIR,39.9334,32.8597,ANKARA
348,Mado,4.0,YEMEK_SEPETI,41.0082,28.9784,ISTANBUL
349,Cajun Corner (Cebeci Mah.)   ,3.7,GETIR,39.9334,32.8597,ANKARA
350,Antep Kürek Lahmacun,4.3,YEMEK_SEPETI,39.9334,32.8597,ANKARA
351,Mister Burger,4.5,YEMEK_SEPETI,39.9334,32.8597,ANKARA
352,"Chocolabs Chocolate & Coffee, Çankaya (Bestekar Mah.)",4.3,GETIR,39.9334,32.8597,ANKARA
353,"Oses Çiğ Köfte, Mamak (Balkiraz Mah.)",4.2,GETIR,39.9334,32.8597,ANKARA
354,"Küşane Homemade Fast Food, Merkez (Ataşehir Mah.)",0.0,GETIR,38.6748,39.2225,ELAZIĞ
355,Chicken Bros (Mimar Hayrettin Mah.),4.2,GETIR,41.0082,28.9784,ISTANBUL
356,Harrbi Efsane Lezzet,4.0,YEMEK_SEPETI,39.9334,32.8597,ANKARA
357,"Deli's Burger, Çankaya (Muhsin Ertuğrul Mah.)",4.7,GETIR,39.9334,32.8597,ANKARA
358,"City Pizza, Keçiören (Şefkat Mah.)",4.4,GETIR,39.9334,32.8597,ANKARA
359,"Coffy, Altındağ (Hacettepe Mah.)",4.2,GETIR,39.9334,32.8597,ANKARA
360,"Salkım Kilo Mangal, Merkez (Yeni Mah.)",4.2,GETIR,38.6748,39.2225,ELAZIĞ
361,"Burger Buffs, Merkez (Cumhuriyet Mah.)",4.5,GETIR,38.6748,39.2225,ELAZIĞ
362,"Prof. Waffle, Kumpir & Lokma , Mamak (Balkiraz Mah.)",4.2,GETIR,39.9334,32.8597,ANKARA
363,Arf Gala Kokoreç (Cerrahpaşa Mah.),4.5,GETIR,41.0082,28.9784,ISTANBUL
364,"Ekleristan, Çankaya (Cebeci Mah.)",4.4,GETIR,39.9334,32.8597,ANKARA
365,"Et Burger Bağlıca, Etimesgut (Bağlıca Mah. - Mermeroğlu Cad.)",4.4,GETIR,39.9334,32.8597,ANKARA
366,"Hazan Köfte Evi, Merkez (İzzet Paşa Mah.)",4.2,GETIR,38.6748,39.2225,ELAZIĞ
367,"2 Lokma, Fatih (Şehremini Mah.)",0.0,GETIR,41.0082,28.9784,ISTANBUL
368,İmç Unkapanı Pilavcısı Adem Usta (Cerrahpaşa Mah.),4.5,GETIR,41.0082,28.9784,ISTANBUL
369,Gaziantepli Muhteşem Baklava,4.0,YEMEK_SEPETI,38.6748,39.2225,ELAZIĞ
370,Harbiye Dürümcüsü (Harbiye Mah.),4.3,GETIR,41.0082,28.9784,ISTANBUL
371,"Midyeci İbrahim, Keçiören (19 Mayıs Mah.)",2.9,GETIR,39.9334,32.8597,ANKARA
372,"Acıktım Kilo Mangal 2, Merkez (Cumhuriyet Mah.)",3.9,GETIR,38.6748,39.2225,ELAZIĞ
373,"Tavuk Döner 23, Merkez (Yeni Mah.)",3.9,GETIR,38.6748,39.2225,ELAZIĞ
374,"Çorbacı Hasan, Çankaya (Remzi Oğuz Arık Mah.)",4.5,GETIR,39.9334,32.8597,ANKARA
375,Route Burger House (Kemankeş Karamustafapaşa Mah.),4.5,GETIR,41.0082,28.9784,ISTANBUL
376,"Hanedan Döner, Çankaya (Fakülteler Mah.)",4.4,GETIR,39.9334,32.8597,ANKARA
377,"Köfte Dünyası, Merkez (Mustafapaşa Mah.)",4.6,GETIR,38.6748,39.2225,ELAZIĞ
378,"Tadım Döner, Kartaltepe Mah.",3.7,GETIR,39.9334,32.8597,ANKARA
379,Bay Baget Sandwich (Tunalı),4.8,GETIR,39.9334,32.8597,ANKARA
380,"Abi 63 Beyzade Lahmacun, Çankaya (Balgat - Nasuh Akar Mah.)",4.5,GETIR,39.9334,32.8597,ANKARA
381,Onur Kuzu Döner & Kebap (Aşağı Eğlence Mah.),4.3,GETIR,39.9334,32.8597,ANKARA
382,"Masal Kilo Mangal, Merkez (Sürsürü Mah.)",4.4,GETIR,38.6748,39.2225,ELAZIĞ
383,Paşam Kebap & Lahmacun,3.6,YEMEK_SEPETI,38.6748,39.2225,ELAZIĞ
384,"Özle Döner, Çankaya (Eti Mah.)",4.4,GETIR,39.9334,32.8597,ANKARA
385,"Komagene Etsiz Çiğ Köfte, Sıhhıye",4.4,GETIR,39.9334,32.8597,ANKARA
386,"Değişik Laa Ütü Bazlama & Fast Food, Çankaya (Tınaztepe Mah.)",0.0,GETIR,39.9334,32.8597,ANKARA
387,Taze Kuru (Ergenekon Mah.)   ,4.4,GETIR,41.0082,28.9784,ISTANBUL
388,Mevlana Pide (Koca Mustafa Paşa Mah.)   ,3.1,GETIR,41.0082,28.9784,ISTANBUL
389,"Bolulu Hasan Usta, Çankaya (Bahçelievler Mah.)",4.6,GETIR,39.9334,32.8597,ANKARA
390,"Gaziantepli Çevikoğlu Baklava, Merkez (İzzet Paşa Mah.)",4.4,GETIR,38.6748,39.2225,ELAZIĞ
391,Dedem Sandwich (Kavaklıdere Mah.),4.6,GETIR,39.9334,32.8597,ANKARA
392,Simit Sarayı (Aksaray Mah.),3.6,GETIR,41.0082,28.9784,ISTANBUL
393,"Pizze-Nes, Merkez (Cumhuriyet Mah.)",4.1,GETIR,38.6748,39.2225,ELAZIĞ
394,Döner 7,3.4,YEMEK_SEPETI,39.9334,32.8597,ANKARA
395,Baklavacı Nuroğlu,3.7,YEMEK_SEPETI,41.0082,28.9784,ISTANBUL
396,"Janti Döner & Fast Food, Mamak (Demirlibahçe Mah.)",4.6,GETIR,39.9334,32.8597,ANKARA
397,"Cajun Time, Mamak (Aşık Veysel Mah.)  ",0.0,GETIR,39.9334,32.8597,ANKARA
398,Öz Sarıyayla 49 Pide & Kebap (Kurtuluş),4.7,GETIR,39.9334,32.8597,ANKARA
399,"Çiğdem Pastanesi, Mamak (Peyami Safa Mah.)",4.7,GETIR,39.9334,32.8597,ANKARA
400,Köfteci Sinan Mamak (Balkiraz Mah.),4.5,GETIR,39.9334,32.8597,ANKARA
401,"Tevhid Et Lokantası, Altındağ (Hacı Bayram Mah.)",4.5,GETIR,39.9334,32.8597,ANKARA
402,Meşhur İstanbul Pilavcısı,0.0,YEMEK_SEPETI,39.9334,32.8597,ANKARA
403,Mangalda Kanat (Rüstempaşa Mah.),4.5,GETIR,41.0082,28.9784,ISTANBUL
404,"Öz Başkent Dürümcüsü ,Çankaya (Kocatepe Mah.)",4.0,GETIR,39.9334,32.8597,ANKARA
405,"Class Burger, Şişli (Halaskargazi Mah.)  ",4.2,GETIR,41.0082,28.9784,ISTANBUL
406,"Pasaport Pizza, Merkez (Yeni Mah. Yunus Emre Blv.)",4.1,GETIR,38.6748,39.2225,ELAZIĞ
407,Bi Döner (Haseki Sultan Mah.),4.0,GETIR,41.0082,28.9784,ISTANBUL
408,"Masabaşı Kebapçısı, Çankaya (Kızılay Mah.)",4.7,GETIR,39.9334,32.8597,ANKARA
409,"Tarhana Kazanı, Çankaya (Kızılay Mah.)",4.4,GETIR,39.9334,32.8597,ANKARA
410,"Hm Burger Sokak Lezzetleri, Keçiören (Güçlükaya Mah.)",4.3,GETIR,39.9334,32.8597,ANKARA
411,"Köfteci Yusuf, Fatih (Nişanca Mah.)",4.0,GETIR,41.0082,28.9784,ISTANBUL
412,"Atm Burger & Köfte,  Çankaya (Göktürk Mah.)  ",4.7,GETIR,39.9334,32.8597,ANKARA
413,Dostan Mantı (Süleymaniye Mah.),0.0,GETIR,41.0082,28.9784,ISTANBUL
414,Espressolab (Balabanağa Mah.),3.7,GETIR,41.0082,28.9784,ISTANBUL
415,"Etçi Mehmet Burger, Çankaya (Eti Mah.)",4.6,GETIR,39.9334,32.8597,ANKARA
416,Pizza Da Gusto (Rüstempaşa Mah.)  ,3.5,GETIR,41.0082,28.9784,ISTANBUL
417,Ta & Ma Cafe & Restaurant (Camiikebir Mah.),4.3,GETIR,41.0082,28.9784,ISTANBUL
418,Sedef Büfe (Binbirdirek Mah.),4.7,GETIR,41.0082,28.9784,ISTANBUL
419,"Öz Sarıyer Börek, Merkez (İcadiye Mah.)",3.8,GETIR,38.6748,39.2225,ELAZIĞ
420,"Saloon Burger, Çankaya (Mebusevleri Mah.)",3.9,GETIR,39.9334,32.8597,ANKARA
421,Komagene Etsiz Çiğ Köfte,3.9,YEMEK_SEPETI,38.6748,39.2225,ELAZIĞ
422,"Cumhuriyet Fırını, Çankaya (Cebeci Mah.)",4.4,GETIR,39.9334,32.8597,ANKARA
423,Gala Kokoreç (Hobyar Mah.),4.3,GETIR,41.0082,28.9784,ISTANBUL
424,"This Chicken, Merkez (Yeni Mah.)   ",3.4,GETIR,38.6748,39.2225,ELAZIĞ
425,Büklüm Pide & Kebap,4.5,YEMEK_SEPETI,39.9334,32.8597,ANKARA
426,HD İskender (Akşemsettin Mah.),4.1,GETIR,41.0082,28.9784,ISTANBUL
427,"Arby's, Merkez (Cumhuriyet Mah.)",4.0,GETIR,38.6748,39.2225,ELAZIĞ
428,"Bolulu Hasan Usta, Çankaya (Kızılay Cumhuriyet Mah.)",4.5,GETIR,39.9334,32.8597,ANKARA
429,Çiğköftem (Historia AVM),4.5,GETIR,41.0082,28.9784,ISTANBUL
430,Pizza Bulls (Molla Gürani Mah.),4.5,GETIR,41.0082,28.9784,ISTANBUL
431,Dört Mevsim Balık (Cerrahpaşa Mah.),4.3,GETIR,41.0082,28.9784,ISTANBUL
432,Tacofit (Cihangir Mah.)   ,4.3,GETIR,41.0082,28.9784,ISTANBUL
433,"Adem Usta Meşhur Köfteci & Ciğerci, Çankaya (Maltepe Mah.)",3.9,GETIR,39.9334,32.8597,ANKARA
434,"Sushi And Wok, Çankaya (Esatoğlu Mah.)",4.6,GETIR,39.9334,32.8597,ANKARA
435,"Aleo İtaliano Pizza Pasta, Şişli (İnönü Mah.)  ",0.0,GETIR,41.0082,28.9784,ISTANBUL
436,"Battalbey Çiğ Köftecisi, Merkez (Abdullahpaşa Mah.)",4.7,GETIR,38.6748,39.2225,ELAZIĞ
437,"Pilav Y, Merkez (Çaydaçıra Mah.)",4.6,GETIR,38.6748,39.2225,ELAZIĞ
438,"Hamamönü Köftecisi, Altındağ (Hacettepe Mah. - Hamamönü)",4.5,GETIR,39.9334,32.8597,ANKARA
439,Boldi Kumrucu Sinan,4.0,YEMEK_SEPETI,39.9334,32.8597,ANKARA
440,"Donas Döner, Çankaya (Kızılay Meşrutiyet Mah.)",4.3,GETIR,39.9334,32.8597,ANKARA
441,"Hüdaverdi Pasta & Bistro, Çankaya (Sokullu Mehmet Paşa Mah.)",4.5,GETIR,39.9334,32.8597,ANKARA
442,Köfteci Yusuf,3.8,YEMEK_SEPETI,39.9334,32.8597,ANKARA
443,"Pınar Köfte, Merkez (Doğukent Mah.)",3.9,GETIR,38.6748,39.2225,ELAZIĞ
444,Aksaray Çiğ Köfte (İskenderpaşa Mah.),3.7,GETIR,41.0082,28.9784,ISTANBUL
445,"Hosta, Çankaya (Kızılay Mah. - Necatibey Cad.)",4.6,GETIR,39.9334,32.8597,ANKARA
446,"Devrez, Çankaya (Küçükesat Mah.)",4.7,GETIR,39.9334,32.8597,ANKARA
447,Kardeşler Uygur Mutfağı (Kavaklıdere Mah.),4.5,GETIR,39.9334,32.8597,ANKARA
448,Pizza Lazza,4.2,YEMEK_SEPETI,39.9334,32.8597,ANKARA
449,"Komagene Etsiz Çiğ Köfte, Çankaya (Remzi Oğuz Arık Mah.)",4.4,GETIR,39.9334,32.8597,ANKARA
450,Chef Kajun & Burger,3.8,YEMEK_SEPETI,39.9334,32.8597,ANKARA
451,Lilium Lounge,3.9,YEMEK_SEPETI,38.6748,39.2225,ELAZIĞ
452,Burger Yiyelim,4.0,YEMEK_SEPETI,41.0082,28.9784,ISTANBUL
453,Dilek Pastanesi & Restaurant (Akşemsettin Mah.),4.2,GETIR,41.0082,28.9784,ISTANBUL
454,Çiğ Köfteci Selim Bey (Kalenderhane Mah.),4.7,GETIR,41.0082,28.9784,ISTANBUL
455,"Sake China, Çankaya (Esatoğlu Mah.)",4.6,GETIR,39.9334,32.8597,ANKARA
456,Bolulu Hasan Usta (Hobyar Mah.),4.8,GETIR,41.0082,28.9784,ISTANBUL
457,"Öncü Döner, Cebeci",4.5,GETIR,39.9334,32.8597,ANKARA
458,Kumrucu Çeto,3.5,YEMEK_SEPETI,39.9334,32.8597,ANKARA
459,Hamitbey Baklava & Börek (Bahçelievler Mah.),0.0,GETIR,41.0082,28.9784,ISTANBUL
460,"New Orleans Cafe, Bahçelievler (Azerbaycan Cad.)",4.3,GETIR,39.9334,32.8597,ANKARA
461,Can Watan Cafe (Aksaray Mah.),3.7,GETIR,41.0082,28.9784,ISTANBUL
462,"Popeyes, Merkez (Cumhuriyet Mah.)",3.7,GETIR,38.6748,39.2225,ELAZIĞ
463,"Little Caesars Pizza, Altındağ (Hacettepe Mah.)",3.8,GETIR,39.9334,32.8597,ANKARA
464,"Bazlamos, Çankaya (Yücetepe Mah.)",4.0,GETIR,39.9334,32.8597,ANKARA
465,Espressolab (Hobyar Mah.)   ,0.0,GETIR,41.0082,28.9784,ISTANBUL
466,"Raven Food & More, Çankaya (Mebusevleri Mah.)",4.5,GETIR,39.9334,32.8597,ANKARA
467,Gabo Kitchen Vegan (Yukarı Bahçelievler Mah.),4.6,GETIR,39.9334,32.8597,ANKARA
468,Maydonoz Döner,3.7,YEMEK_SEPETI,41.0082,28.9784,ISTANBUL
469,Barney's Burger (Akşemsettin Mah.),0.0,GETIR,41.0082,28.9784,ISTANBUL
470,Çağlayan Börek (Tuzluçayır Mah.),4.3,GETIR,39.9334,32.8597,ANKARA
471,Fast Pizza (Küçük Piyale Mah.),3.9,GETIR,41.0082,28.9784,ISTANBUL
472,GERMEÇ PİLİÇ ANITTEPE,4.2,YEMEK_SEPETI,39.9334,32.8597,ANKARA
473,Hanedan İskender & Kebap,3.7,YEMEK_SEPETI,39.9334,32.8597,ANKARA
474,"Ay Işığı Tatlıcısı, Çankaya (Ön Cebeci Mah.)",4.5,GETIR,39.9334,32.8597,ANKARA
475,"My Döner, Elazığ (Ataşehir Mah.)",4.1,GETIR,38.6748,39.2225,ELAZIĞ
476,"Meşhur Özçelik Aspava, Çankaya (Maltepe Mah.)",4.5,GETIR,39.9334,32.8597,ANKARA
477,"Hazar Köfte & Izgara, Merkez (Ataşehir Mah.)",4.2,GETIR,38.6748,39.2225,ELAZIĞ
478,Pizza Darts (Cihangir Mah.),4.8,GETIR,41.0082,28.9784,ISTANBUL
479,Tatlıses Çiğ Köfte,5.0,YEMEK_SEPETI,38.6748,39.2225,ELAZIĞ
480,Can Lokantası,4.2,YEMEK_SEPETI,38.6748,39.2225,ELAZIĞ
481,"Öykü İskenderun Ateşi, Merkez (Yeni Mah.)",3.4,GETIR,38.6748,39.2225,ELAZIĞ
482,Tezveren Baba Ocakbaşı,4.7,YEMEK_SEPETI,41.0082,28.9784,ISTANBUL
483,"Beylerbeyi Pide 9, Çankaya (Ön Cebeci Mah.)",4.6,GETIR,39.9334,32.8597,ANKARA
484,"Serince Çiğ Köfte, Mamak (Abidinpaşa Mah.)",3.7,GETIR,39.9334,32.8597,ANKARA
485,Esat Özçelik Aspava Çankaya (Barbaros Mah.),4.6,GETIR,39.9334,32.8597,ANKARA
486,Dürümcü Cengiz Ciğer & Kebap & Künefe (Şehremini Mah.),4.5,GETIR,41.0082,28.9784,ISTANBUL
487,Amcanın Yeri,4.3,YEMEK_SEPETI,38.6748,39.2225,ELAZIĞ
488,"Burger King, Merkez (Nailbey Mah.)",3.9,GETIR,38.6748,39.2225,ELAZIĞ
489,Sarıhan Gurme (Gökalp Mah.),4.4,GETIR,41.0082,28.9784,ISTANBUL
490,"Sostime Döner, Çankaya (Maltepe Mah.)",4.0,GETIR,39.9334,32.8597,ANKARA
491,Gurme İzmir Kumrucusu (İskenderpaşa Mah.),4.4,GETIR,41.0082,28.9784,ISTANBUL
492,"Şampiyon Kokoreç, Merkez (Sürsürü Mah.)",4.2,GETIR,38.6748,39.2225,ELAZIĞ
493,Terra Pizza - Pizza Pizza,4.5,YEMEK_SEPETI,39.9334,32.8597,ANKARA
494,Beast Burger & Pasta (Fakülteler Mah.),3.9,GETIR,39.9334,32.8597,ANKARA
495,"Chabo, Çankaya (Çamlıtepe Mah.)   ",4.3,GETIR,39.9334,32.8597,ANKARA
496,Kokoreççi Yusuf Usta (Cerrahpaşa Mah.),3.2,GETIR,41.0082,28.9784,ISTANBUL
497,"Cajun Lab, Çankaya (Beşevler Mah.)",4.6,GETIR,39.9334,32.8597,ANKARA
498,"Sushi Home, Çankaya, Kavaklıdere",4.4,GETIR,39.9334,32.8597,ANKARA
499,Royal Dessert (Seyyid Ömer Mah.),4.5,GETIR,41.0082,28.9784,ISTANBUL
500,Krapfen & Donut Store (Maltepe Mah.),3.4,GETIR,41.0082,28.9784,ISTANBUL
501,"Heybeli Kebap, Çankaya (Kocatepe Mah.)",3.7,GETIR,39.9334,32.8597,ANKARA
502,"Özenir Urfalı Kebap, Altındağ (Güneşevler Mah.)",4.4,GETIR,39.9334,32.8597,ANKARA
503,Erdemli Tantuni (Maltepe Mah.),3.8,GETIR,39.9334,32.8597,ANKARA
504,Tarihi Fatih İşkembecisi,3.3,YEMEK_SEPETI,41.0082,28.9784,ISTANBUL
505,"Ganache Dessert & Drink, Çankaya (Yücetepe Mah.)",4.1,GETIR,39.9334,32.8597,ANKARA
506,Battalbey Çiğ Köfte,0.0,YEMEK_SEPETI,38.6748,39.2225,ELAZIĞ
507,Güler Restaurant (Kemalpaşa Mah.),4.8,GETIR,41.0082,28.9784,ISTANBUL
508,Al-Bi Kokoreç & Kumru; Çamlıtepe (İleri Mah.),4.7,GETIR,39.9334,32.8597,ANKARA
509,"Halil İbrahim Sofrası, Merkez (Kültür Mah.)",4.3,GETIR,38.6748,39.2225,ELAZIĞ
510,"Kumrucu Fast Food, Mamak (Tuzluçayır Mah.)",4.2,GETIR,39.9334,32.8597,ANKARA
511,Oses Çiğ Köfte (Muhsine Hatun Mah.),0.0,GETIR,41.0082,28.9784,ISTANBUL
512,"Hammm Burger, Merkez (Üniversite Mah.)",0.0,GETIR,38.6748,39.2225,ELAZIĞ
513,"Çalışkan Meze Evi, Mamak (Abidinpaşa Mah.)  ",3.9,GETIR,39.9334,32.8597,ANKARA
514,"Fil'iz Kumpir & Waffle & Cafe, Çankaya (Bahçelievler Mah.)",4.7,GETIR,39.9334,32.8597,ANKARA
515,Espressolab,3.8,YEMEK_SEPETI,41.0082,28.9784,ISTANBUL
516,Kaymaklava Çankaya (Yücetepe Mah.),4.5,GETIR,39.9334,32.8597,ANKARA
517,"Komagene Etsiz Çiğ Köfte, Çankaya (Kocatepe Mah.-Mithatpaşa Cd.)",4.7,GETIR,39.9334,32.8597,ANKARA
518,Komagene Etsiz Çiğ Köfte (Yargıç Naim Oktay Sk.)  ,3.9,GETIR,41.0082,28.9784,ISTANBUL
519,"Cajun Dünyası, Çankaya (Beşevler Mah.)",4.3,GETIR,39.9334,32.8597,ANKARA
520,Good Beef Homemade Burger (Bahçelievler Mah.),4.3,GETIR,39.9334,32.8597,ANKARA
521,"Marmaris Büfe, Fatih (İskenderpaşa Mah.)",4.6,GETIR,41.0082,28.9784,ISTANBUL
522,"Buhara Kadayıf, Merkez (Nailbey Mah.)",4.1,GETIR,38.6748,39.2225,ELAZIĞ
523,"Komagene Etsiz Çiğ Köfte, Merkez (İzzet Paşa Mah.)",4.3,GETIR,38.6748,39.2225,ELAZIĞ
524,"Cengo Yer Miyiz, Çankaya (Ön Cebeci Mah.)  ",0.0,GETIR,39.9334,32.8597,ANKARA
525,"Misbay Döner, Mamak (Balkiraz Mah.)",4.5,GETIR,39.9334,32.8597,ANKARA
526,"Komagene Etsiz Çiğ Köfte, Çankaya (Gazi Mustafa Kemal Blv.)",4.3,GETIR,39.9334,32.8597,ANKARA
527,Seyidoğlu Baklava & Pasta Cafe (Esenler - Kazım Karabekir Mah.),4.2,GETIR,41.0082,28.9784,ISTANBUL
528,"Aras Et Lokantası, Altındağ (Hacıbayram Mah.)",4.3,GETIR,39.9334,32.8597,ANKARA
529,Anas Chicken (Rüstempaşa Mah.),4.3,GETIR,41.0082,28.9784,ISTANBUL
530,"Hasan Usta Tantuni, Beşevler (Mebusevleri Mah.)",4.7,GETIR,39.9334,32.8597,ANKARA
531,"Etlik Pilavcısı, Keçiören (Aşağı Eğlence Mah.)",4.3,GETIR,39.9334,32.8597,ANKARA
532,"Özer Çeşme Pide Fırını, Merkez (Sanayi Mah.)",4.0,GETIR,38.6748,39.2225,ELAZIĞ
533,"Büklüm Pide, Kebap, Çankaya (Kavaklıdere Mah.)",4.7,GETIR,39.9334,32.8597,ANKARA
534,Angry Waffle,4.0,YEMEK_SEPETI,39.9334,32.8597,ANKARA
535,"31 Antakya Dürüm, Çankaya (Balgat Mah.)",4.3,GETIR,39.9334,32.8597,ANKARA
536,Doycan Pide Kebap Lahmacun (Maltepe Mah.),4.7,GETIR,39.9334,32.8597,ANKARA
537,Arpaçı Pide & Lahmacun,4.3,YEMEK_SEPETI,38.6748,39.2225,ELAZIĞ
538,"Komagene Etsiz Çiğ Köfte, Çankaya (Emek Mah.)  ",3.6,GETIR,39.9334,32.8597,ANKARA
539,"Ekleristan, Çankaya (Kocatepe Mah.)",4.3,GETIR,39.9334,32.8597,ANKARA
540,"Komagene Etsiz Çiğ Köfte, Mamak (Demirlibahçe Mah.)",4.4,GETIR,39.9334,32.8597,ANKARA
541,Öz Pilavcı Kardeşler (Ali Kuşçu Mah.),4.1,GETIR,41.0082,28.9784,ISTANBUL
542,Kurtuluş Ocakbaşı (Duatepe Mah.)   ,4.4,GETIR,41.0082,28.9784,ISTANBUL
543,Merkez Karadeniz Pide & Kebap Salonu (Sururi Mah.),0.0,GETIR,41.0082,28.9784,ISTANBUL
544,"Nusret Gurme, Merkez (Doğu Kent Mah.)",4.1,GETIR,38.6748,39.2225,ELAZIĞ
545,"Can Lokantası, Merkez (Rızaiye Mah.)",4.5,GETIR,38.6748,39.2225,ELAZIĞ
546,"Yıldız Aspava, Çankaya (Emek Mah.)",4.8,GETIR,39.9334,32.8597,ANKARA
547,"Çiçek Börek, Merkez (Çarşı Mah.)",3.8,GETIR,38.6748,39.2225,ELAZIĞ
548,McDonald's (Kennedy Cad.)   ,3.4,GETIR,41.0082,28.9784,ISTANBUL
549,Serince Çiğ Köfte Çankaya (Fidanlık Mah.),4.0,GETIR,39.9334,32.8597,ANKARA
550,Ercan Burger (Aksaray Mah.),3.8,GETIR,41.0082,28.9784,ISTANBUL
551,"Etiler Marmaris, Fatih (Vatan Cad.)",3.4,GETIR,41.0082,28.9784,ISTANBUL
552,Veganarsist (Balat Mah.),0.0,GETIR,41.0082,28.9784,ISTANBUL
553,"Öz Urfa Kebapçısı, Altındağ (Zübeyde Hanım Mah. - İskitler)",4.3,GETIR,39.9334,32.8597,ANKARA
554,Korykos Mersin Tantuni (Mebusevleri Mah.),4.6,GETIR,39.9334,32.8597,ANKARA
555,"Basmaaltı Pilavcısı, Çankaya (Emek Mah.)   ",4.3,GETIR,39.9334,32.8597,ANKARA
556,"Maydonoz Döner, Merkez (Üniversite Mah.)",4.1,GETIR,38.6748,39.2225,ELAZIĞ
557,"China Box, Çankaya (Alacaatlı Mah.)",4.4,GETIR,39.9334,32.8597,ANKARA
558,Cebeci Midyecisi (Cebeci Mah.),3.9,GETIR,39.9334,32.8597,ANKARA
559,"Bereket Döner, Çankaya (Cebeci Mah.)",3.6,GETIR,39.9334,32.8597,ANKARA
560,"Müslüm Waffle, Çankaya (Kızılay Mah.)",4.8,GETIR,39.9334,32.8597,ANKARA
561,China Magic Box Sushi (Cihangir Mah.),4.4,GETIR,41.0082,28.9784,ISTANBUL
562,Koçoğlu Elazığ Sofrası,4.1,YEMEK_SEPETI,38.6748,39.2225,ELAZIĞ
563,Oses Çiğ Köfte,4.2,YEMEK_SEPETI,38.6748,39.2225,ELAZIĞ
564,Rahmi Usta Dürümce Kebap,3.9,YEMEK_SEPETI,39.9334,32.8597,ANKARA
565,Tarihi Fatih İşkembecisi (İskenderpaşa Mah.),3.5,GETIR,41.0082,28.9784,ISTANBUL
566,"Origano Pizza & Bakery, Çankaya (Kazım Özalp Mah.)",4.5,GETIR,39.9334,32.8597,ANKARA
567,"Komagene Etsiz Çiğ Köfte, Çankaya (Barbaros Mah.)",4.2,GETIR,39.9334,32.8597,ANKARA
568,"Gedikler Izgara Kilo Mangal, Merkez (Yeni 1. Bölge Mah.)",3.9,GETIR,38.6748,39.2225,ELAZIĞ
569,"Fafello, Çankaya (Bahçelievler Mah.)",4.6,GETIR,39.9334,32.8597,ANKARA
570,Salkım Kilo Mangal,3.4,YEMEK_SEPETI,38.6748,39.2225,ELAZIĞ
571,Köfteci Korkmaz Usta,3.7,YEMEK_SEPETI,38.6748,39.2225,ELAZIĞ
572,"Kovada Et&Tavuk&Döner, Çankaya (Fakülteler Mah.)  ",3.4,GETIR,39.9334,32.8597,ANKARA
573,"Hatayca, Çankaya (Barbaros Mah.)   ",4.3,GETIR,39.9334,32.8597,ANKARA
574,Pizza Hut,3.1,YEMEK_SEPETI,39.9334,32.8597,ANKARA
575,"Komagene Etsiz Çiğ Köfte, Merkez (Mustafa Paşa Mah.)  ",3.6,GETIR,38.6748,39.2225,ELAZIĞ
576,Domino's Pizza (Hoca Paşa Mah.),4.0,GETIR,41.0082,28.9784,ISTANBUL
577,Aloha Burger & Kitchen (Kavaklıdere Mah.),4.5,GETIR,39.9334,32.8597,ANKARA
578,"The Italian Cut Pizza, Bahçelievler (3. Cad.)",4.8,GETIR,39.9334,32.8597,ANKARA
579,"Elazığ Kilo Mangal Kebap&Döner Lahmacun, Merkez (Akpınar Mah.)",3.5,GETIR,38.6748,39.2225,ELAZIĞ
580,Meşhur Adıyaman Çiğ Köftecisi Ömer Aybak (Abidinpaşa Mah.),4.0,GETIR,39.9334,32.8597,ANKARA
581,Çarkçıoğlu Künefe,3.4,YEMEK_SEPETI,41.0082,28.9784,ISTANBUL
582,"Arte Burger, Çankaya (Muhsin Ertuğrul Mah.)",4.8,GETIR,39.9334,32.8597,ANKARA
583,Sirius Kahvaltı & Sandwich (Seyyid Ömer Mah.),4.9,GETIR,41.0082,28.9784,ISTANBUL
584,Gazze Falafel,3.4,YEMEK_SEPETI,41.0082,28.9784,ISTANBUL
585,"Kral 23 Köfte & Döner , Merkez (İzzet Paşa Mah.)",4.7,GETIR,38.6748,39.2225,ELAZIĞ
586,"Babacan Sokak Lezzetleri, Mamak (Tuzluçayır Mah.)",4.0,GETIR,39.9334,32.8597,ANKARA
587,Özer Çeşme Pide Fırını,2.8,YEMEK_SEPETI,38.6748,39.2225,ELAZIĞ
588,La Pizzeria TT (Etlik Mah.),4.3,GETIR,39.9334,32.8597,ANKARA
589,Levent Börek (Hobyar Mah.),4.2,GETIR,41.0082,28.9784,ISTANBUL
590,"Taşfırın Pidemiz & Döner, Çankaya (Mebusevleri Mah.)",4.4,GETIR,39.9334,32.8597,ANKARA
591,Güven Kilo Et & Mangal & Dürüm,4.5,YEMEK_SEPETI,38.6748,39.2225,ELAZIĞ
592,Bereket Döner,3.1,YEMEK_SEPETI,39.9334,32.8597,ANKARA
593,"Sahra Katık , Merkez (Ataşehir Mah.)",4.2,GETIR,38.6748,39.2225,ELAZIĞ
594,"Şehr-i Aziz Kebap & Lahmacun, Merkez (Doğu Kent Mah.)",4.4,GETIR,38.6748,39.2225,ELAZIĞ
595,"Sayrem, Çankaya (Yukarı Bahçelievler Mah. - 7. Cad.)",4.6,GETIR,39.9334,32.8597,ANKARA
596,"Tarihi Antep Çiğ Köfte, Çankaya (Ön Cebeci Mah.)",4.6,GETIR,39.9334,32.8597,ANKARA
597,Altın Portakal Pide (İskenderpaşa Mah.),4.5,GETIR,41.0082,28.9784,ISTANBUL
598,Ali Haydar Usta (Defterdar Mah.),4.7,GETIR,41.0082,28.9784,ISTANBUL
599,Paşa Döner (Katip Kasım Mah.),3.9,GETIR,41.0082,28.9784,ISTANBUL
600,Papa John's Pizza,4.1,YEMEK_SEPETI,41.0082,28.9784,ISTANBUL
601,"İşler Güçler Izgara & Kokoreç, Çankaya (Bahçelievler Mah.)",4.7,GETIR,39.9334,32.8597,ANKARA
602,Haseki Çobanoğlu (Molla Gürani Mah.),4.6,GETIR,41.0082,28.9784,ISTANBUL
603,SB Döner,3.8,YEMEK_SEPETI,38.6748,39.2225,ELAZIĞ
604,Paşa Kumru,3.8,YEMEK_SEPETI,39.9334,32.8597,ANKARA
605,"Öz Hanedan Kebap, Çankaya (Mebusevleri Mah.)",4.3,GETIR,39.9334,32.8597,ANKARA
606,"Kaymaklava, Çankaya (Barbaros Mah.)",4.4,GETIR,39.9334,32.8597,ANKARA
607,Little Caesars Pizza,3.8,YEMEK_SEPETI,39.9334,32.8597,ANKARA
608,Best Burger (Fatih Mah.),4.7,GETIR,41.0082,28.9784,ISTANBUL
609,"Yeni Dedem Kebap, Altındağ (Örnek Mah.)",4.6,GETIR,39.9334,32.8597,ANKARA
610,Antakya 326 Dürüm (Esatoğlu Mah.),4.6,GETIR,39.9334,32.8597,ANKARA
611,"Pandora Çikolata , Çankaya (Bahçelievler Mah.)",4.4,GETIR,39.9334,32.8597,ANKARA
612,Miço Antep Sofrası (Şehremini Mah.),4.6,GETIR,41.0082,28.9784,ISTANBUL
613,"Elaziz Çiğ Köfte, Merkez (Rüstem Paşa Mah.)",3.7,GETIR,38.6748,39.2225,ELAZIĞ
614," Fantastik Köfte & Burger & Pizza, Çankaya (Tınaztepe Mah. )",4.4,GETIR,39.9334,32.8597,ANKARA
615,As Mevlana Pide,4.3,YEMEK_SEPETI,41.0082,28.9784,ISTANBUL
616,"Çınar Börek, Çankaya (Ön Cebeci Mah.)",4.4,GETIR,39.9334,32.8597,ANKARA
617,"Mersin Tantuni & Kebap Cengiz Usta, Çankaya (Meşrutiyet Mah.)",4.2,GETIR,39.9334,32.8597,ANKARA
618,"Hatay Mix Döner, Merkez (Üniversite Mah.)",4.5,GETIR,38.6748,39.2225,ELAZIĞ
619,Tarihi Mutfak Lokantası (Kocatepe Mah.),4.8,GETIR,39.9334,32.8597,ANKARA
620,Gazi Çiğ Köfte (Zeyrek Mah.),4.8,GETIR,41.0082,28.9784,ISTANBUL
621,Tunus Islak Hamburger (Remzi Oğuz Arık Mah.),4.5,GETIR,39.9334,32.8597,ANKARA
622,"Ankyra Köfte & Kokoreç, Göktürk Mah.",4.7,GETIR,39.9334,32.8597,ANKARA
623,"S'tella Pizza, Çankaya (Bahçelievler Mah.)  ",0.0,GETIR,39.9334,32.8597,ANKARA
624,"Doruk Köfte & Döner, Merkez (Mustafapaşa Mah.)",4.4,GETIR,38.6748,39.2225,ELAZIĞ
625,Ada Burger (Şehremini Mah.)   ,4.9,GETIR,41.0082,28.9784,ISTANBUL
626,"Emmi Döner, Merkez (Çaydaçıra Mah.)",4.3,GETIR,38.6748,39.2225,ELAZIĞ
627,"Cajun Bro, (Demirlibahçe Mah.)",4.6,GETIR,39.9334,32.8597,ANKARA
628,"Meşhur İstanbul Pilavcısı, Çankaya (Kızılay Meşrutiyet Mah.)",4.3,GETIR,39.9334,32.8597,ANKARA
629,"Sr Döner, Çankaya (Cebeci Mah.-Cemal Gürsel Cad.)   ",3.8,GETIR,39.9334,32.8597,ANKARA
630,Antepliler 2 Kebap & Lahmacun (İnönü Mah.),4.6,GETIR,41.0082,28.9784,ISTANBUL
631,"Bursa İskender Kebapçısı, Merkez (Ataşehir Mah.)",4.0,GETIR,38.6748,39.2225,ELAZIĞ
632,Cajun Corner,3.3,YEMEK_SEPETI,41.0082,28.9784,ISTANBUL
633,Süha Döner (Küçükesat),4.7,GETIR,39.9334,32.8597,ANKARA
634,Çelebihan Baklava & Künefe (Piripaşa Mah. ),4.7,GETIR,41.0082,28.9784,ISTANBUL
635,Tan Taş Fırın (Hobyar Mah.),4.3,GETIR,41.0082,28.9784,ISTANBUL
636,Kalite 1 Karadeniz Pideleri (Maltepe Mah.),4.8,GETIR,39.9334,32.8597,ANKARA
637,Pilavcı Nazmi (Seyyid Ömer Mah.),4.1,GETIR,41.0082,28.9784,ISTANBUL
638,"El Ramos Pizza Cafe, Merkez (Cumhuriyet Mah.)",4.5,GETIR,38.6748,39.2225,ELAZIĞ
639,Otantik Kumpir,4.4,YEMEK_SEPETI,39.9334,32.8597,ANKARA
640," Özsüt, Merkez (Sürsürü Mah. - İmam Efendi Bulv.)",4.1,GETIR,38.6748,39.2225,ELAZIĞ
641,"Öncü Döner, Merkez (Nailbey Mah.)",3.6,GETIR,38.6748,39.2225,ELAZIĞ
642,Maydonoz Döner,3.3,YEMEK_SEPETI,38.6748,39.2225,ELAZIĞ
643,"Ciğerci Hakkı Usta, Merkez (Sürsürü Mah.)",4.3,GETIR,38.6748,39.2225,ELAZIĞ
644,"İstanbul Börek Salonu, Merkez (Üniversite Mah.)",4.4,GETIR,38.6748,39.2225,ELAZIĞ
645,"Hmbrgr Homemade Burgers, Bahçelievler (3.Cad.)",4.6,GETIR,39.9334,32.8597,ANKARA
646,Gazze Falafel (Molla Gürani Mah.),4.0,GETIR,41.0082,28.9784,ISTANBUL
647,Pera Thai (Evliya Çelebi Mah.),4.5,GETIR,41.0082,28.9784,ISTANBUL
648,"Kral Tost, Merkez (Cumhuriyet Mah.)",3.4,GETIR,38.6748,39.2225,ELAZIĞ
649,Pizza Lazza,3.9,YEMEK_SEPETI,41.0082,28.9784,ISTANBUL
650,SB Döner Sos,3.5,YEMEK_SEPETI,38.6748,39.2225,ELAZIĞ
651,Ezgi'nin Mutfağı,3.8,YEMEK_SEPETI,39.9334,32.8597,ANKARA
652,"Gizemli Fit Yemekler, Çankaya (Cebeci Mah.)",4.6,GETIR,39.9334,32.8597,ANKARA
653,"Antep Kürek Lahmacun, Çankaya (İncesu Mah)",4.5,GETIR,39.9334,32.8597,ANKARA
654,"Çorbacı Mustafam, Çankaya (Maltepe Mah.)",4.2,GETIR,39.9334,32.8597,ANKARA
655,"Ezber Bozan Burger, Çankaya (Tınaztepe Mah.)",4.3,GETIR,39.9334,32.8597,ANKARA
656,"Battalbey Çiğ Köftecisi, Merkez (Cumhuriyet Mah.)",0.0,GETIR,38.6748,39.2225,ELAZIĞ
657,Nevada Coffee (Aksaray Mah.),4.4,GETIR,41.0082,28.9784,ISTANBUL
658,Patso & Çıtır Tavuk,3.5,YEMEK_SEPETI,41.0082,28.9784,ISTANBUL
659,Otantik Kumpir (Emek Mah.),4.6,GETIR,39.9334,32.8597,ANKARA
660,Öz Namlı Dürüm (Akşemsettin Mah.),3.4,GETIR,41.0082,28.9784,ISTANBUL
661,"Öz Urfa Kebap Sofrası Keçiören, (19 Mayıs Mah.)",4.3,GETIR,39.9334,32.8597,ANKARA
662,"Öz Tescilli Adana Kebapçısı, Merkez (Ataşehir Mah.)",4.6,GETIR,38.6748,39.2225,ELAZIĞ
663,"Çiğköftesim, Çankaya (Muhsin Ertuğrul Mah.)",4.7,GETIR,39.9334,32.8597,ANKARA
664,Maxchicken,3.2,YEMEK_SEPETI,38.6748,39.2225,ELAZIĞ
665,Margaret Bubble Tea & Detox (Camiikebir Mah.),0.0,GETIR,41.0082,28.9784,ISTANBUL
666,"Terra Pizza - Pizza Pizza, Çankaya (Yukarı Bahçelievler Mah.)  ",0.0,GETIR,39.9334,32.8597,ANKARA
667,"Gece Bekçisi Yaşar Usta, Çankaya (Yıldızevler Mah.)",4.3,GETIR,39.9334,32.8597,ANKARA
668,"Domino's Pizza, Merkez (Çarşı Mah.)",4.3,GETIR,38.6748,39.2225,ELAZIĞ
669,Soils Bakery (Dikilitaş Mah.),3.4,GETIR,41.0082,28.9784,ISTANBUL
670,"Mama's Burger & Cajun Chicken, Çankaya (Cebeci Mah.)",4.3,GETIR,39.9334,32.8597,ANKARA
671,"Mocaco Coffee, Bahçelievler (3. Cad.)",4.7,GETIR,39.9334,32.8597,ANKARA
672,"Gurme Kokoreç & Izgara, Merkez (Çaydaçıra Mah.)",3.7,GETIR,38.6748,39.2225,ELAZIĞ
673,Lahmacuncu (Üniversite Mah.),4.6,GETIR,38.6748,39.2225,ELAZIĞ
674,"Chicken Chick, Çankaya (Kavaklıdere Mah.)",4.6,GETIR,39.9334,32.8597,ANKARA
675,"Levent Börek, Merkez (Cumhuriyet Mah.)",3.8,GETIR,38.6748,39.2225,ELAZIĞ
676,"Ankara Simitçisi, Çankaya (Ön Cebeci Mah.)",4.7,GETIR,39.9334,32.8597,ANKARA
677,Kebaphan (Balgat Mah.),4.6,GETIR,39.9334,32.8597,ANKARA
678,Komagene Etsiz Çiğ Köfte (Fakülteler Mah.),4.4,GETIR,39.9334,32.8597,ANKARA
679,Etiler Uludağ Kebapçısı (Etiler Mah.),4.8,GETIR,41.0082,28.9784,ISTANBUL
680,"Urfalı Kebapçı Keko, Altındağ (Zübeyde Hanım Mah. - İskitler)",3.8,GETIR,39.9334,32.8597,ANKARA
681,"Öz Tantuni, Adnan Menderes Mah.",3.7,GETIR,39.9334,32.8597,ANKARA
682,"Dondurma Durağı & Meşhur Adıyaman Çiğ Köftecisi, Mamak (Akdere Mah.)",4.7,GETIR,39.9334,32.8597,ANKARA
683,Değer Pide ve Lahmacun Salonu (Akşemsettin Mah.),4.0,GETIR,41.0082,28.9784,ISTANBUL
684,"Serince Çiğ Köfte, Çankaya (Kurtuluş Mah.)",4.7,GETIR,39.9334,32.8597,ANKARA
685,Kilerde Kebap (Ali Kuşçu Mah.),0.0,GETIR,41.0082,28.9784,ISTANBUL
686,Köfte Ekmek Meşhur Köfteci Yaşar Usta (Mebusevleri Mah.),4.4,GETIR,39.9334,32.8597,ANKARA
687,"Dr. Falafel, Kızılay (Meşrutiyet)",4.4,GETIR,39.9334,32.8597,ANKARA
688,Alaçatı Gözleme & Mantı (Bahçelievler Mah.) ,4.5,GETIR,39.9334,32.8597,ANKARA
689,Domino's Pizza,4.5,YEMEK_SEPETI,38.6748,39.2225,ELAZIĞ
690,Yeşim Patisserie & Cafe (Saraç İshak Mah.),0.0,GETIR,41.0082,28.9784,ISTANBUL
691,Dianka's Croissants (Camiikebir Mah.),4.6,GETIR,41.0082,28.9784,ISTANBUL
692,Yesen Burger (Şehremini Mah.),4.2,GETIR,41.0082,28.9784,ISTANBUL
693,"Çatı Açık Büfe, Çankaya (Fakülteler Mah. - Ankara Üni.)",4.4,GETIR,39.9334,32.8597,ANKARA
694,Pilavcı Mıstık Çankaya (Bahçelievler Mah.),4.5,GETIR,39.9334,32.8597,ANKARA
695,Meşhur Adıyaman Çiğ Köftecisi Ömer Aybak,4.4,YEMEK_SEPETI,39.9334,32.8597,ANKARA
696,"Kermes, Çankaya (Kültür Mah.)",4.3,GETIR,39.9334,32.8597,ANKARA
697,"F & M Chicken & Burger, Mamak (Misket Mah.)",4.3,GETIR,39.9334,32.8597,ANKARA
698,El Ramos Pizza Cafe,4.0,YEMEK_SEPETI,38.6748,39.2225,ELAZIĞ
699,"Ekleristan, Çankaya (Esat Mah.)",4.7,GETIR,39.9334,32.8597,ANKARA
700,30 06 Springfield Yeni Nesil Dürüm (Cumhuriyet Mah.)  ,0.0,GETIR,38.6748,39.2225,ELAZIĞ
701,"Hisar Dürüm Ciğer Şiş, Merkez (Çarşı Mah.)",4.4,GETIR,38.6748,39.2225,ELAZIĞ
702,Çorbacı Hasan Usta (Ulucanlar Cad.),4.4,GETIR,39.9334,32.8597,ANKARA
703,Cesur Pide (Yücetepe Mah.),4.3,GETIR,39.9334,32.8597,ANKARA
704,"Gurme Mutfak Ev Yemekleri, Çankaya (İleri Mah.)",4.3,GETIR,39.9334,32.8597,ANKARA
705,"Burger Wave, Çankaya ( Kavaklıdere )",4.5,GETIR,39.9334,32.8597,ANKARA
706,Şan Lokantası (Şehremini Mah.),4.5,GETIR,41.0082,28.9784,ISTANBUL
707,"Şahin Aspava, Çankaya (Kızılay Mah.)",4.3,GETIR,39.9334,32.8597,ANKARA
708,"Meşhur Adıyaman Çiğ Köftecisi Ömer Aybak, ( Zübeyde Hanım Mah. )",0.0,GETIR,39.9334,32.8597,ANKARA
709,"Köfteci Korkmaz Usta, Merkez (Çaydaçıra Mah.)",4.1,GETIR,38.6748,39.2225,ELAZIĞ
710,"Börekçim, Mamak (Saimekadın Mah.)",4.6,GETIR,39.9334,32.8597,ANKARA
711,Humy Yumy (Molla Gürani Mah.),4.3,GETIR,41.0082,28.9784,ISTANBUL
712,Çapa Döner,3.7,YEMEK_SEPETI,41.0082,28.9784,ISTANBUL
713,Cihan Derya Balık (Kocamustafapaşa Mah.),4.4,GETIR,41.0082,28.9784,ISTANBUL
714,Çapa Merkez Köfte (Şehremini Mah.),4.5,GETIR,41.0082,28.9784,ISTANBUL
715,"Avşaroğlu Pide & Kebap, Altındağ (Örnek Mah.)",4.4,GETIR,39.9334,32.8597,ANKARA
716,"Tonnarello Penne, Fatih (Sururi Mah.)",0.0,GETIR,41.0082,28.9784,ISTANBUL
717,Akdeniz Döner (Akşemsettin Mah.),3.5,GETIR,41.0082,28.9784,ISTANBUL
718,"Alpay Lahmacun, Çankaya (Kızılay Mah.)",4.5,GETIR,39.9334,32.8597,ANKARA
719,"İnci Gurme Fulya, Şişli (Fulya Mah.)",0.0,GETIR,41.0082,28.9784,ISTANBUL
720,Hot Döner,3.9,YEMEK_SEPETI,41.0082,28.9784,ISTANBUL
721,Little Caesars Pizza (Cerrahpaşa Mah.),3.6,GETIR,41.0082,28.9784,ISTANBUL
722,Kate Cafe & Restaurant (Alemdar Mah.),0.0,GETIR,41.0082,28.9784,ISTANBUL
723,"Alo Lahmacuncu, Merkez (Çaydaçıra Mah.)",4.2,GETIR,38.6748,39.2225,ELAZIĞ
724,"Alabama Burger, Çankaya (Muhsin Ertuğrul Mah.)",4.5,GETIR,39.9334,32.8597,ANKARA
725,Donas Döner,3.9,YEMEK_SEPETI,39.9334,32.8597,ANKARA
726,"Il Pollo Del Capo, Altındağ (Hacettepe Mah.)",4.3,GETIR,39.9334,32.8597,ANKARA
727,Tavuk Dünyası (Akşemsettin Mah.),3.9,GETIR,41.0082,28.9784,ISTANBUL
728,"Kral Tantuni, Merkez (Cumhuriyet Mah.)",4.0,GETIR,38.6748,39.2225,ELAZIĞ
729,Domino's Pizza,3.7,YEMEK_SEPETI,41.0082,28.9784,ISTANBUL
730,Dayı Kürek Lahmacun,4.0,YEMEK_SEPETI,39.9334,32.8597,ANKARA
731,"Tadım Pizza, Çankaya (Ayrancı Mah.)",4.6,GETIR,39.9334,32.8597,ANKARA
732,Musa Usta Lahmacun & Pizza,3.8,YEMEK_SEPETI,38.6748,39.2225,ELAZIĞ
733,"SB Burger, Merkez (Yeni Mah.)  ",3.5,GETIR,38.6748,39.2225,ELAZIĞ
734,"Pişti Pizza Makarna, Çankaya (Kültür Mah.)  ",3.8,GETIR,39.9334,32.8597,ANKARA
735,Dianka's Desserts (Camiikebir Mah.),0.0,GETIR,41.0082,28.9784,ISTANBUL
736,"Sokak Köftecisi, Çankaya (Bahçelievler Mah.)",3.7,GETIR,39.9334,32.8597,ANKARA
737,Pizze Nes,3.6,YEMEK_SEPETI,38.6748,39.2225,ELAZIĞ
738,"Adana Fatih Kebap, Beyoğlu (Zeyrek Mah.)",0.0,GETIR,41.0082,28.9784,ISTANBUL
739,"Ankara Kokoreç, Keçiören (Tepebaşı Mah.)  ",0.0,GETIR,39.9334,32.8597,ANKARA
740,"Ünlü Çiğ Köfteci Müslüm Boztaş, Merkez (Yeni Mah.) ",0.0,GETIR,38.6748,39.2225,ELAZIĞ
741,Pizza İl Forno (Yukarı Bahçelievler Mah.),4.6,GETIR,39.9334,32.8597,ANKARA
742,Bowl Green (Ergenekon Mah.)   ,4.1,GETIR,41.0082,28.9784,ISTANBUL
743,"Efsane Katık Dürüm, Çankaya (Fakülteler Mah.)",4.6,GETIR,39.9334,32.8597,ANKARA
744,"Kings Burgers, Çankaya (Seyranbağları Mah.)",4.0,GETIR,39.9334,32.8597,ANKARA
745,Çınar Börek Çankaya (Çamlıtepe Mah.),4.4,GETIR,39.9334,32.8597,ANKARA
746,"Sbarro Pizza, Merkez (Malatya Cad.)",3.0,GETIR,38.6748,39.2225,ELAZIĞ
747,Sayrem,4.1,YEMEK_SEPETI,39.9334,32.8597,ANKARA
748,"Cafe Kıraç, Çankaya (Kocatepe Mah.)",4.7,GETIR,39.9334,32.8597,ANKARA
749,Rahmi Usta Dürümce Kebap (Esatoğlu Mah.),4.4,GETIR,39.9334,32.8597,ANKARA
750,Big Mamma's (Haseki Sultan Mah.)   ,3.5,GETIR,41.0082,28.9784,ISTANBUL
751,"Maxchicken, Merkez (Üniversite Mah.)",3.8,GETIR,38.6748,39.2225,ELAZIĞ
752,"Öykü İskenderun Ateşi, Çankaya (Meşrutiyet Mah.)",4.2,GETIR,39.9334,32.8597,ANKARA
753,Serince Çiğ Köfte,4.6,YEMEK_SEPETI,39.9334,32.8597,ANKARA
754,Kirvem Tantuni & Döner (Mimar Hayrettin Mah.),4.1,GETIR,41.0082,28.9784,ISTANBUL
755,"Komagene Etsiz Çiğ Köfte, Çankaya (Sağlık Mah.)  ",4.3,GETIR,39.9334,32.8597,ANKARA
756,Starbucks® (Hasan Halife Mah.),4.3,GETIR,41.0082,28.9784,ISTANBUL
757,+ Profiterol ve Tatlı Dükkanı (Cihangir Mah.),4.4,GETIR,41.0082,28.9784,ISTANBUL
758,Mırra Kahvaltı Salonu (Seyyid Ömer Mah.),4.3,GETIR,41.0082,28.9784,ISTANBUL
759,"SimSim Baget Sandwich, Çankaya (Kavaklıdere Mah.)",4.2,GETIR,39.9334,32.8597,ANKARA
760,Lily Tatlı & Dondurma (Dikilitaş Mah.),3.9,GETIR,41.0082,28.9784,ISTANBUL
761,İskenderpaşa Pide & Kebap,3.3,YEMEK_SEPETI,41.0082,28.9784,ISTANBUL
762,Öz Pilavcı Kardeşler,3.9,YEMEK_SEPETI,41.0082,28.9784,ISTANBUL
763,Gaziantepli Osmanlı Baklavacısı (Muratpaşa Mah.),4.2,GETIR,41.0082,28.9784,ISTANBUL
764,Öncü Döner,3.7,YEMEK_SEPETI,38.6748,39.2225,ELAZIĞ
765,Duygu Kebap (Ali Kuşçu Mah.),4.3,GETIR,41.0082,28.9784,ISTANBUL
766,Merhaba Pastaneleri (Hocapaşa Mah.),4.3,GETIR,41.0082,28.9784,ISTANBUL
767,"Şehr-i Aziz Çiğ Köfte, Merkez (Rızaiye Mah.)",3.4,GETIR,38.6748,39.2225,ELAZIĞ
768,Maydanoz Mutfak (Cerrahpaşa Mah.),4.6,GETIR,41.0082,28.9784,ISTANBUL
769,Fatih Kıtır Dürüm (Ali Kuşçu Mah.),4.7,GETIR,41.0082,28.9784,ISTANBUL
770,"Tek Tek Sandwich, Çankaya (Kültür Mah.)",4.7,GETIR,39.9334,32.8597,ANKARA
771,Hot Döner,4.1,YEMEK_SEPETI,38.6748,39.2225,ELAZIĞ
772,Nevada Coffee (Hocapaşa Mah.)   ,3.8,GETIR,41.0082,28.9784,ISTANBUL
773,Şimşek Aspava (Bahçelievler Mah.),4.5,GETIR,39.9334,32.8597,ANKARA
774,"Maydonoz Döner, Altındağ (Hacı Bayram Mah.)",4.5,GETIR,39.9334,32.8597,ANKARA
775,"Eyüpoğlu Fırın Cafe & Bistro, Çankaya (Kavaklıdere Mah.)",4.4,GETIR,39.9334,32.8597,ANKARA
776,Urfa'dan Çıtır Lahmacun Pide (Yayla Mah.),4.6,GETIR,41.0082,28.9784,ISTANBUL
777,"Kardak Balıkçılık, Merkez (Abdullah Paşa Mah.)",4.3,GETIR,38.6748,39.2225,ELAZIĞ
778,Babil 63 Pide & Lahmacun (İnönü Mah.),4.6,GETIR,41.0082,28.9784,ISTANBUL
779,"Pınar Köfte, Merkez (Çarşı Mah.)",4.3,GETIR,38.6748,39.2225,ELAZIĞ
780,Domates Pide & Pizza & Waffle,4.1,YEMEK_SEPETI,39.9334,32.8597,ANKARA
781,"Pizzacı Sedat, Çankaya (Yukarı Bahçelievler Mah. - 7. Cad.)",4.5,GETIR,39.9334,32.8597,ANKARA
782,"Dürümle, Çankaya (Barbaros Mah.-Tunalı Hilmi Cad.)",4.3,GETIR,39.9334,32.8597,ANKARA
783,"Elit Kokoreç Şırdan Bumbar Dünyası, Merkez (Yeni 2. Bölge Mah.)",3.7,GETIR,38.6748,39.2225,ELAZIĞ
784,Özbereket (Meşrutiyet Mah.),2.8,GETIR,41.0082,28.9784,ISTANBUL
785,"Köfteci İsa Usta, Çankaya (Ön Cebeci Mah.)",4.5,GETIR,39.9334,32.8597,ANKARA
786,"S.O.S Tatlı, Çankaya (Mebusevleri Mah.)",4.1,GETIR,39.9334,32.8597,ANKARA
787,"İstanbul Lahmacun & Pide & Pizza, Merkez (Kırklar Mah.)",3.6,GETIR,38.6748,39.2225,ELAZIĞ
788,Nevada Coffee,3.8,YEMEK_SEPETI,41.0082,28.9784,ISTANBUL
789,"Adres Köfte & Burger, Çankaya (Tınaztepe Mah.)",3.8,GETIR,39.9334,32.8597,ANKARA
790,"Döner 23 Lahmacun & Pide, Merkez (Üniversite Mah.)",4.5,GETIR,38.6748,39.2225,ELAZIĞ
791,Oburx Döner & Cafe (İşçi Blokları Mah.),4.2,GETIR,39.9334,32.8597,ANKARA
792,Pizza City,4.6,YEMEK_SEPETI,38.6748,39.2225,ELAZIĞ
793,"Çok Tost Annecim, Çankaya (Ön Cebeci Mah.)",4.5,GETIR,39.9334,32.8597,ANKARA
794,"Saloon Burger, Çankaya (Cebeci Mah.)",3.4,GETIR,39.9334,32.8597,ANKARA
795,"Yanar Döner'is, Mamak (Balkiraz Mah.)",4.3,GETIR,39.9334,32.8597,ANKARA
796,Dürüm House (İnönü Mah.),4.7,GETIR,41.0082,28.9784,ISTANBUL
797,Sushico (İstiklal Mah.)   ,4.4,GETIR,41.0082,28.9784,ISTANBUL
798,Hero's Pizza (Hobyar Mah.)   ,3.9,GETIR,41.0082,28.9784,ISTANBUL
799,"Salad Town, Çankaya (Tınaztepe Mah.)",4.4,GETIR,39.9334,32.8597,ANKARA
800,Saloon Burger,2.9,YEMEK_SEPETI,39.9334,32.8597,ANKARA
801,Güneydoğu Pide & Lahmacun (Nişanca Mah.),0.0,GETIR,41.0082,28.9784,ISTANBUL
802,"Archers Burger & Pane, Çankaya (Olgunlar Cad.)",4.6,GETIR,39.9334,32.8597,ANKARA
803,Dönerci Mehmet Chef,2.5,YEMEK_SEPETI,41.0082,28.9784,ISTANBUL
804,Anas Chicken (Molla Gürani Mah.),4.4,GETIR,41.0082,28.9784,ISTANBUL
805,"Bi Sosisli, Fatih (İskenderpaşa Mah.)",4.1,GETIR,41.0082,28.9784,ISTANBUL
806,"Sütlü Tatlı Dünyası, Çankaya (Bademlidere Mah.)",4.3,GETIR,39.9334,32.8597,ANKARA
807,"Patlican Pide & Pizza, Çankaya (Bahçelievler Mah.)",4.7,GETIR,39.9334,32.8597,ANKARA
808,"İstasyon Adıyaman Çiğ Köftecisi, Çankaya (Aşıkpaşa Mah.)",0.0,GETIR,39.9334,32.8597,ANKARA
809,Afilli Pizza (Demirlibahçe Mah.),4.6,GETIR,39.9334,32.8597,ANKARA
810,"Battalbey, Merkez (Yeni 1. Bölge Mah.)",4.8,GETIR,38.6748,39.2225,ELAZIĞ
811,"33 Mersin Tantuni, Merkez (Çaydaçıra Mah.)",4.6,GETIR,38.6748,39.2225,ELAZIĞ
812,"Rakun Pizza & Tatlı, Çankaya (Bahçelievler Mah.)",4.2,GETIR,39.9334,32.8597,ANKARA
813,"Kral Tantuni & Cajun & Burger, Çankaya (Cebeci Mah.)",4.1,GETIR,39.9334,32.8597,ANKARA
814,"Bazlama Dünyası, Çankaya (Göktürk Mah.)",3.9,GETIR,39.9334,32.8597,ANKARA
815,"Gecenin Lord-u, Çankaya (Ön Cebeci Mah.)  ",0.0,GETIR,39.9334,32.8597,ANKARA
816,"Full Pizza, Mamak (Abidinpaşa Mah.)",4.7,GETIR,39.9334,32.8597,ANKARA
817,Sıfır Altı Sokak Lezzetleri,4.4,YEMEK_SEPETI,39.9334,32.8597,ANKARA
818,"Çelebi Antep Baklava & Kadayıf, Keçiören (Etlik Mah.)",4.1,GETIR,39.9334,32.8597,ANKARA
819,Hero's Tatlı (Karagümrük Mah.),0.0,GETIR,41.0082,28.9784,ISTANBUL
820,"Ekspres Tatlı, Çankaya (Esatoğlu Mah.) ",4.2,GETIR,39.9334,32.8597,ANKARA
821,Pasaport Pizza,3.1,YEMEK_SEPETI,38.6748,39.2225,ELAZIĞ
822,"By Tantuni, Altındağ (Yıldıztepe Mah.)  ",4.1,GETIR,39.9334,32.8597,ANKARA
823,"Lahmacuncu, Merkez (Nailbey Mah.)",3.4,GETIR,38.6748,39.2225,ELAZIĞ
